iteration,probability,message_status,windtexter
0,0.4,unsuccessful,baseline
0,0.7,successful,partial
0,0.5,unsuccessful,Full
1,0.2,unsuccessful,baseline
1,0.7,successful,partial
1,0.5,unsuccessful,Full
2,0.6,successful,baseline
2,0.6,successful,partial
2,0.2,unsuccessful,Full
3,0.3,unsuccessful,baseline
3,0.5,unsuccessful,partial
3,0.2,unsuccessful,Full
4,0.3,unsuccessful,baseline
4,0.6,successful,partial
4,0.5,unsuccessful,Full
5,0.6,successful,baseline
5,0.4,unsuccessful,partial
5,0.6,successful,Full
6,0.5,unsuccessful,baseline
6,0.7,successful,partial
6,0.5,unsuccessful,Full
7,0.8,successful,baseline
7,0.1,unsuccessful,partial
7,0.1,unsuccessful,Full
8,0.6,successful,baseline
8,0.8,successful,partial
8,0.1,unsuccessful,Full
9,0.5,unsuccessful,baseline
9,0.2,unsuccessful,partial
9,0.5,unsuccessful,Full
10,0.4,unsuccessful,baseline
10,0.7,successful,partial
10,0.3,unsuccessful,Full
11,0.2,unsuccessful,baseline
11,0.6,successful,partial
11,0.7,successful,Full
12,0.3,unsuccessful,baseline
12,0.8,successful,partial
12,0.2,unsuccessful,Full
13,0.4,unsuccessful,baseline
13,0.5,unsuccessful,partial
13,0.8,successful,Full
14,0.4,unsuccessful,baseline
14,0.5,unsuccessful,partial
14,0.4,unsuccessful,Full
15,0.4,unsuccessful,baseline
15,0.7,successful,partial
15,0.6,successful,Full
16,0.7,successful,baseline
16,0.3,unsuccessful,partial
16,0.7,successful,Full
17,0.5,unsuccessful,baseline
17,0.6,successful,partial
17,0.3,unsuccessful,Full
18,0.7,successful,baseline
18,0.4,unsuccessful,partial
18,0.5,unsuccessful,Full
19,0.8,successful,baseline
19,0.6,successful,partial
19,0.5,unsuccessful,Full
20,0.4,unsuccessful,baseline
20,0.3,unsuccessful,partial
20,0.5,unsuccessful,Full
21,0.4,unsuccessful,baseline
21,0.7,successful,partial
21,0.4,unsuccessful,Full
22,0.3,unsuccessful,baseline
22,0.3,unsuccessful,partial
22,0.7,successful,Full
23,0.6,successful,baseline
23,0.7,successful,partial
23,0.5,unsuccessful,Full
24,0.4,unsuccessful,baseline
24,0.6,successful,partial
24,0.4,unsuccessful,Full
25,0.6,successful,baseline
25,0.4,unsuccessful,partial
25,0.3,unsuccessful,Full
26,0.3,unsuccessful,baseline
26,0.4,unsuccessful,partial
26,0.3,unsuccessful,Full
27,0.6,successful,baseline
27,0.1,unsuccessful,partial
27,0.2,unsuccessful,Full
28,0.7,successful,baseline
28,0.5,unsuccessful,partial
28,0.3,unsuccessful,Full
29,0.6,successful,baseline
29,0.5,unsuccessful,partial
29,0.6,successful,Full
30,0.4,unsuccessful,baseline
30,0.3,unsuccessful,partial
30,0.4,unsuccessful,Full
31,0.5,unsuccessful,baseline
31,0.5,unsuccessful,partial
31,0.4,unsuccessful,Full
32,0.6,successful,baseline
32,0.6,successful,partial
32,0.6,successful,Full
33,0.5,unsuccessful,baseline
33,0.4,unsuccessful,partial
33,0.5,unsuccessful,Full
34,0.4,unsuccessful,baseline
34,0.5,unsuccessful,partial
34,0.3,unsuccessful,Full
35,0.4,unsuccessful,baseline
35,0.6,successful,partial
35,0.3,unsuccessful,Full
36,0.6,successful,baseline
36,0.7,successful,partial
36,0.5,unsuccessful,Full
37,0.5,unsuccessful,baseline
37,0.6,successful,partial
37,0.8,successful,Full
38,0.6,successful,baseline
38,0.1,unsuccessful,partial
38,0.7,successful,Full
39,0.5,unsuccessful,baseline
39,0.5,unsuccessful,partial
39,0.3,unsuccessful,Full
40,0.5,unsuccessful,baseline
40,0.5,unsuccessful,partial
40,0.1,unsuccessful,Full
41,0.4,unsuccessful,baseline
41,0.8,successful,partial
41,0.4,unsuccessful,Full
42,0.6,successful,baseline
42,0.4,unsuccessful,partial
42,0.2,unsuccessful,Full
43,0.3,unsuccessful,baseline
43,0.2,unsuccessful,partial
43,0.2,unsuccessful,Full
44,0.3,unsuccessful,baseline
44,0.6,successful,partial
44,0.6,successful,Full
45,0.5,unsuccessful,baseline
45,0.3,unsuccessful,partial
45,0.5,unsuccessful,Full
46,0.4,unsuccessful,baseline
46,0.2,unsuccessful,partial
46,0.5,unsuccessful,Full
47,0.6,successful,baseline
47,0.6,successful,partial
47,0.3,unsuccessful,Full
48,0.4,unsuccessful,baseline
48,0.5,unsuccessful,partial
48,0.5,unsuccessful,Full
49,0.1,unsuccessful,baseline
49,0.5,unsuccessful,partial
49,0.4,unsuccessful,Full
50,0.5,unsuccessful,baseline
50,0.8,successful,partial
50,0.5,unsuccessful,Full
51,0.4,unsuccessful,baseline
51,0.4,unsuccessful,partial
51,0.4,unsuccessful,Full
52,0.5,unsuccessful,baseline
52,0.5,unsuccessful,partial
52,0.7,successful,Full
53,0.6,successful,baseline
53,0.6,successful,partial
53,0.4,unsuccessful,Full
54,0.4,unsuccessful,baseline
54,0.3,unsuccessful,partial
54,0.4,unsuccessful,Full
55,0.3,unsuccessful,baseline
55,0.3,unsuccessful,partial
55,0.5,unsuccessful,Full
56,0.4,unsuccessful,baseline
56,0.6,successful,partial
56,0.2,unsuccessful,Full
57,0.6,successful,baseline
57,0.7,successful,partial
57,0.6,successful,Full
58,0.6,successful,baseline
58,0.6,successful,partial
58,0.3,unsuccessful,Full
59,0.4,unsuccessful,baseline
59,0.7,successful,partial
59,0.4,unsuccessful,Full
60,0.6,successful,baseline
60,0.6,successful,partial
60,0.3,unsuccessful,Full
61,0.5,unsuccessful,baseline
61,0.4,unsuccessful,partial
61,0.6,successful,Full
62,0.5,unsuccessful,baseline
62,0.1,unsuccessful,partial
62,0.3,unsuccessful,Full
63,0.7,successful,baseline
63,0.2,unsuccessful,partial
63,0.7,successful,Full
64,0.6,successful,baseline
64,0.5,unsuccessful,partial
64,0.4,unsuccessful,Full
65,0.6,successful,baseline
65,0.5,unsuccessful,partial
65,0.4,unsuccessful,Full
66,0.4,unsuccessful,baseline
66,0.5,unsuccessful,partial
66,0.4,unsuccessful,Full
67,0.6,successful,baseline
67,0.4,unsuccessful,partial
67,0.1,unsuccessful,Full
68,0.3,unsuccessful,baseline
68,0.8,successful,partial
68,0.7,successful,Full
69,0.7,successful,baseline
69,0.7,successful,partial
69,0.5,unsuccessful,Full
70,0.4,unsuccessful,baseline
70,0.7,successful,partial
70,0.8,successful,Full
71,0.3,unsuccessful,baseline
71,0.2,unsuccessful,partial
71,0.4,unsuccessful,Full
72,0.4,unsuccessful,baseline
72,0.1,unsuccessful,partial
72,0.6,successful,Full
73,0.2,unsuccessful,baseline
73,0.6,successful,partial
73,0.3,unsuccessful,Full
74,0.6,successful,baseline
74,0.6,successful,partial
74,0.6,successful,Full
75,0.3,unsuccessful,baseline
75,0.3,unsuccessful,partial
75,0.4,unsuccessful,Full
76,0.7,successful,baseline
76,0.5,unsuccessful,partial
76,0.4,unsuccessful,Full
77,0.6,successful,baseline
77,0.5,unsuccessful,partial
77,0.7,successful,Full
78,0.1,unsuccessful,baseline
78,0.2,unsuccessful,partial
78,0.4,unsuccessful,Full
79,0.8,successful,baseline
79,0.8,successful,partial
79,0.4,unsuccessful,Full
80,0.2,unsuccessful,baseline
80,0.3,unsuccessful,partial
80,0.7,successful,Full
81,0.8,successful,baseline
81,0.8,successful,partial
81,0.5,unsuccessful,Full
82,0.5,unsuccessful,baseline
82,0.1,unsuccessful,partial
82,0.5,unsuccessful,Full
83,0.5,unsuccessful,baseline
83,0.3,unsuccessful,partial
83,0.2,unsuccessful,Full
84,0.2,unsuccessful,baseline
84,0.5,unsuccessful,partial
84,0.5,unsuccessful,Full
85,0.4,unsuccessful,baseline
85,0.5,unsuccessful,partial
85,0.5,unsuccessful,Full
86,0.2,unsuccessful,baseline
86,0.6,successful,partial
86,0.1,unsuccessful,Full
87,0.6,successful,baseline
87,0.6,successful,partial
87,0.4,unsuccessful,Full
88,0.4,unsuccessful,baseline
88,0.6,successful,partial
88,0.6,successful,Full
89,0.3,unsuccessful,baseline
89,0.4,unsuccessful,partial
89,0.7,successful,Full
90,0.5,unsuccessful,baseline
90,0.4,unsuccessful,partial
90,0.1,unsuccessful,Full
91,0.3,unsuccessful,baseline
91,0.4,unsuccessful,partial
91,0.5,unsuccessful,Full
92,0.5,unsuccessful,baseline
92,0.4,unsuccessful,partial
92,0.6,successful,Full
93,0.4,unsuccessful,baseline
93,0.5,unsuccessful,partial
93,0.5,unsuccessful,Full
94,0.4,unsuccessful,baseline
94,0.4,unsuccessful,partial
94,0.4,unsuccessful,Full
95,0.1,unsuccessful,baseline
95,0.6,successful,partial
95,0.3,unsuccessful,Full
96,0.2,unsuccessful,baseline
96,0.5,unsuccessful,partial
96,0.5,unsuccessful,Full
97,0.8,successful,baseline
97,0.2,unsuccessful,partial
97,0.3,unsuccessful,Full
98,0.8,successful,baseline
98,0.5,unsuccessful,partial
98,0.4,unsuccessful,Full
99,0.5,unsuccessful,baseline
99,0.5,unsuccessful,partial
99,0.4,unsuccessful,Full
100,0.5,unsuccessful,baseline
100,0.6,successful,partial
100,0.1,unsuccessful,Full
101,0.5,unsuccessful,baseline
101,0.4,unsuccessful,partial
101,0.5,unsuccessful,Full
102,0.6,successful,baseline
102,0.6,successful,partial
102,0.2,unsuccessful,Full
103,0.1,unsuccessful,baseline
103,0.8,successful,partial
103,0.5,unsuccessful,Full
104,0.3,unsuccessful,baseline
104,0.5,unsuccessful,partial
104,0.5,unsuccessful,Full
105,0.6,successful,baseline
105,0.3,unsuccessful,partial
105,0.5,unsuccessful,Full
106,0.1,unsuccessful,baseline
106,0.2,unsuccessful,partial
106,0.6,successful,Full
107,0.4,unsuccessful,baseline
107,0.3,unsuccessful,partial
107,0.6,successful,Full
108,0.3,unsuccessful,baseline
108,0.3,unsuccessful,partial
108,0.4,unsuccessful,Full
109,0.2,unsuccessful,baseline
109,0.8,successful,partial
109,0.2,unsuccessful,Full
110,0.5,unsuccessful,baseline
110,0.6,successful,partial
110,0.7,successful,Full
111,0.4,unsuccessful,baseline
111,0.5,unsuccessful,partial
111,0.4,unsuccessful,Full
112,0.6,successful,baseline
112,0.3,unsuccessful,partial
112,0.5,unsuccessful,Full
113,0.2,unsuccessful,baseline
113,0.1,unsuccessful,partial
113,0.3,unsuccessful,Full
114,0.5,unsuccessful,baseline
114,0.6,successful,partial
114,0.2,unsuccessful,Full
115,0.6,successful,baseline
115,0.6,successful,partial
115,0.5,unsuccessful,Full
116,0.4,unsuccessful,baseline
116,0.7,successful,partial
116,0.5,unsuccessful,Full
117,0.8,successful,baseline
117,0.2,unsuccessful,partial
117,0.2,unsuccessful,Full
118,0.3,unsuccessful,baseline
118,0.3,unsuccessful,partial
118,0.4,unsuccessful,Full
119,0.4,unsuccessful,baseline
119,0.3,unsuccessful,partial
119,0.4,unsuccessful,Full
120,0.4,unsuccessful,baseline
120,0.5,unsuccessful,partial
120,0.4,unsuccessful,Full
121,0.8,successful,baseline
121,0.5,unsuccessful,partial
121,0.7,successful,Full
122,0.4,unsuccessful,baseline
122,0.4,unsuccessful,partial
122,0.3,unsuccessful,Full
123,0.7,successful,baseline
123,0.5,unsuccessful,partial
123,0.5,unsuccessful,Full
124,0.1,unsuccessful,baseline
124,0.5,unsuccessful,partial
124,0.5,unsuccessful,Full
125,0.5,unsuccessful,baseline
125,0.8,successful,partial
125,0.4,unsuccessful,Full
126,0.3,unsuccessful,baseline
126,0.7,successful,partial
126,0.3,unsuccessful,Full
127,0.5,unsuccessful,baseline
127,0.1,unsuccessful,partial
127,0.4,unsuccessful,Full
128,0.6,successful,baseline
128,0.4,unsuccessful,partial
128,0.6,successful,Full
129,0.3,unsuccessful,baseline
129,0.3,unsuccessful,partial
129,0.3,unsuccessful,Full
130,0.7,successful,baseline
130,0.8,successful,partial
130,0.7,successful,Full
131,0.6,successful,baseline
131,0.5,unsuccessful,partial
131,0.3,unsuccessful,Full
132,0.3,unsuccessful,baseline
132,0.8,successful,partial
132,0.5,unsuccessful,Full
133,0.4,unsuccessful,baseline
133,0.3,unsuccessful,partial
133,0.5,unsuccessful,Full
134,0.3,unsuccessful,baseline
134,0.4,unsuccessful,partial
134,0.2,unsuccessful,Full
135,0.6,successful,baseline
135,0.3,unsuccessful,partial
135,0.6,successful,Full
136,0.3,unsuccessful,baseline
136,0.6,successful,partial
136,0.5,unsuccessful,Full
137,0.2,unsuccessful,baseline
137,0.3,unsuccessful,partial
137,0.3,unsuccessful,Full
138,0.6,successful,baseline
138,0.4,unsuccessful,partial
138,0.3,unsuccessful,Full
139,0.4,unsuccessful,baseline
139,0.3,unsuccessful,partial
139,0.7,successful,Full
140,0.1,unsuccessful,baseline
140,0.5,unsuccessful,partial
140,0.6,successful,Full
141,0.5,unsuccessful,baseline
141,0.5,unsuccessful,partial
141,0.6,successful,Full
142,0.6,successful,baseline
142,0.8,successful,partial
142,0.4,unsuccessful,Full
143,0.1,unsuccessful,baseline
143,0.7,successful,partial
143,0.4,unsuccessful,Full
144,0.3,unsuccessful,baseline
144,0.6,successful,partial
144,0.5,unsuccessful,Full
145,0.5,unsuccessful,baseline
145,0.3,unsuccessful,partial
145,0.4,unsuccessful,Full
146,0.4,unsuccessful,baseline
146,0.6,successful,partial
146,0.1,unsuccessful,Full
147,0.4,unsuccessful,baseline
147,0.5,unsuccessful,partial
147,0.5,unsuccessful,Full
148,0.8,successful,baseline
148,0.3,unsuccessful,partial
148,0.5,unsuccessful,Full
149,0.3,unsuccessful,baseline
149,0.1,unsuccessful,partial
149,0.4,unsuccessful,Full
150,0.5,unsuccessful,baseline
150,0.3,unsuccessful,partial
150,0.7,successful,Full
151,0.4,unsuccessful,baseline
151,0.3,unsuccessful,partial
151,0.3,unsuccessful,Full
152,0.4,unsuccessful,baseline
152,0.2,unsuccessful,partial
152,0.4,unsuccessful,Full
153,0.8,successful,baseline
153,0.3,unsuccessful,partial
153,0.2,unsuccessful,Full
154,0.2,unsuccessful,baseline
154,0.3,unsuccessful,partial
154,0.6,successful,Full
155,0.1,unsuccessful,baseline
155,0.1,unsuccessful,partial
155,0.5,unsuccessful,Full
156,0.3,unsuccessful,baseline
156,0.5,unsuccessful,partial
156,0.1,unsuccessful,Full
157,0.6,successful,baseline
157,0.5,unsuccessful,partial
157,0.4,unsuccessful,Full
158,0.6,successful,baseline
158,0.1,unsuccessful,partial
158,0.2,unsuccessful,Full
159,0.2,unsuccessful,baseline
159,0.3,unsuccessful,partial
159,0.3,unsuccessful,Full
160,0.7,successful,baseline
160,0.4,unsuccessful,partial
160,0.2,unsuccessful,Full
161,0.5,unsuccessful,baseline
161,0.7,successful,partial
161,0.7,successful,Full
162,0.8,successful,baseline
162,0.3,unsuccessful,partial
162,0.7,successful,Full
163,0.4,unsuccessful,baseline
163,0.2,unsuccessful,partial
163,0.5,unsuccessful,Full
164,0.5,unsuccessful,baseline
164,0.4,unsuccessful,partial
164,0.5,unsuccessful,Full
165,0.1,unsuccessful,baseline
165,0.6,successful,partial
165,0.6,successful,Full
166,0.2,unsuccessful,baseline
166,0.3,unsuccessful,partial
166,0.7,successful,Full
167,0.5,unsuccessful,baseline
167,0.4,unsuccessful,partial
167,0.2,unsuccessful,Full
168,0.4,unsuccessful,baseline
168,0.8,successful,partial
168,0.2,unsuccessful,Full
169,0.2,unsuccessful,baseline
169,0.1,unsuccessful,partial
169,0.5,unsuccessful,Full
170,0.7,successful,baseline
170,0.4,unsuccessful,partial
170,0.4,unsuccessful,Full
171,0.3,unsuccessful,baseline
171,0.6,successful,partial
171,0.1,unsuccessful,Full
172,0.4,unsuccessful,baseline
172,0.7,successful,partial
172,0.5,unsuccessful,Full
173,0.2,unsuccessful,baseline
173,0.3,unsuccessful,partial
173,0.6,successful,Full
174,0.6,successful,baseline
174,0.6,successful,partial
174,0.2,unsuccessful,Full
175,0.6,successful,baseline
175,0.4,unsuccessful,partial
175,0.4,unsuccessful,Full
176,0.6,successful,baseline
176,0.5,unsuccessful,partial
176,0.3,unsuccessful,Full
177,0.2,unsuccessful,baseline
177,0.6,successful,partial
177,0.6,successful,Full
178,0.3,unsuccessful,baseline
178,0.7,successful,partial
178,0.5,unsuccessful,Full
179,0.1,unsuccessful,baseline
179,0.3,unsuccessful,partial
179,0.5,unsuccessful,Full
180,0.4,unsuccessful,baseline
180,0.5,unsuccessful,partial
180,0.3,unsuccessful,Full
181,0.7,successful,baseline
181,0.6,successful,partial
181,0.7,successful,Full
182,0.4,unsuccessful,baseline
182,0.6,successful,partial
182,0.4,unsuccessful,Full
183,0.8,successful,baseline
183,0.5,unsuccessful,partial
183,0.3,unsuccessful,Full
184,0.7,successful,baseline
184,0.2,unsuccessful,partial
184,0.5,unsuccessful,Full
185,0.3,unsuccessful,baseline
185,0.3,unsuccessful,partial
185,0.6,successful,Full
186,0.4,unsuccessful,baseline
186,0.4,unsuccessful,partial
186,0.7,successful,Full
187,0.8,successful,baseline
187,0.4,unsuccessful,partial
187,0.4,unsuccessful,Full
188,0.3,unsuccessful,baseline
188,0.7,successful,partial
188,0.5,unsuccessful,Full
189,0.4,unsuccessful,baseline
189,0.7,successful,partial
189,0.3,unsuccessful,Full
190,0.3,unsuccessful,baseline
190,0.6,successful,partial
190,0.2,unsuccessful,Full
191,0.3,unsuccessful,baseline
191,0.2,unsuccessful,partial
191,0.6,successful,Full
192,0.4,unsuccessful,baseline
192,0.3,unsuccessful,partial
192,0.6,successful,Full
193,0.2,unsuccessful,baseline
193,0.7,successful,partial
193,0.1,unsuccessful,Full
194,0.3,unsuccessful,baseline
194,0.5,unsuccessful,partial
194,0.7,successful,Full
195,0.5,unsuccessful,baseline
195,0.6,successful,partial
195,0.4,unsuccessful,Full
196,0.8,successful,baseline
196,0.4,unsuccessful,partial
196,0.5,unsuccessful,Full
197,0.2,unsuccessful,baseline
197,0.2,unsuccessful,partial
197,0.5,unsuccessful,Full
198,0.3,unsuccessful,baseline
198,0.2,unsuccessful,partial
198,0.6,successful,Full
199,0.4,unsuccessful,baseline
199,0.8,successful,partial
199,0.3,unsuccessful,Full
200,0.7,successful,baseline
200,0.4,unsuccessful,partial
200,0.2,unsuccessful,Full
201,0.7,successful,baseline
201,0.4,unsuccessful,partial
201,0.2,unsuccessful,Full
202,0.6,successful,baseline
202,0.3,unsuccessful,partial
202,0.6,successful,Full
203,0.3,unsuccessful,baseline
203,0.5,unsuccessful,partial
203,0.2,unsuccessful,Full
204,0.4,unsuccessful,baseline
204,0.4,unsuccessful,partial
204,0.2,unsuccessful,Full
205,0.5,unsuccessful,baseline
205,0.2,unsuccessful,partial
205,0.5,unsuccessful,Full
206,0.2,unsuccessful,baseline
206,0.7,successful,partial
206,0.5,unsuccessful,Full
207,0.7,successful,baseline
207,0.3,unsuccessful,partial
207,0.5,unsuccessful,Full
208,0.6,successful,baseline
208,0.2,unsuccessful,partial
208,0.6,successful,Full
209,0.8,successful,baseline
209,0.5,unsuccessful,partial
209,0.3,unsuccessful,Full
210,0.5,unsuccessful,baseline
210,0.3,unsuccessful,partial
210,0.2,unsuccessful,Full
211,0.2,unsuccessful,baseline
211,0.6,successful,partial
211,0.3,unsuccessful,Full
212,0.3,unsuccessful,baseline
212,0.3,unsuccessful,partial
212,0.4,unsuccessful,Full
213,0.3,unsuccessful,baseline
213,0.4,unsuccessful,partial
213,0.5,unsuccessful,Full
214,0.2,unsuccessful,baseline
214,0.5,unsuccessful,partial
214,0.2,unsuccessful,Full
215,0.5,unsuccessful,baseline
215,0.8,successful,partial
215,0.5,unsuccessful,Full
216,0.5,unsuccessful,baseline
216,0.3,unsuccessful,partial
216,0.2,unsuccessful,Full
217,0.8,successful,baseline
217,0.7,successful,partial
217,0.3,unsuccessful,Full
218,0.1,unsuccessful,baseline
218,0.3,unsuccessful,partial
218,0.7,successful,Full
219,0.4,unsuccessful,baseline
219,0.4,unsuccessful,partial
219,0.6,successful,Full
220,0.7,successful,baseline
220,0.6,successful,partial
220,0.4,unsuccessful,Full
221,0.5,unsuccessful,baseline
221,0.5,unsuccessful,partial
221,0.2,unsuccessful,Full
222,0.3,unsuccessful,baseline
222,0.5,unsuccessful,partial
222,0.5,unsuccessful,Full
223,0.2,unsuccessful,baseline
223,0.4,unsuccessful,partial
223,0.7,successful,Full
224,0.4,unsuccessful,baseline
224,0.3,unsuccessful,partial
224,0.3,unsuccessful,Full
225,0.6,successful,baseline
225,0.6,successful,partial
225,0.3,unsuccessful,Full
226,0.7,successful,baseline
226,0.5,unsuccessful,partial
226,0.8,successful,Full
227,0.2,unsuccessful,baseline
227,0.5,unsuccessful,partial
227,0.8,successful,Full
228,0.5,unsuccessful,baseline
228,0.4,unsuccessful,partial
228,0.7,successful,Full
229,0.4,unsuccessful,baseline
229,0.8,successful,partial
229,0.7,successful,Full
230,0.5,unsuccessful,baseline
230,0.1,unsuccessful,partial
230,0.7,successful,Full
231,0.4,unsuccessful,baseline
231,0.6,successful,partial
231,0.3,unsuccessful,Full
232,0.6,successful,baseline
232,0.2,unsuccessful,partial
232,0.8,successful,Full
233,0.1,unsuccessful,baseline
233,0.6,successful,partial
233,0.2,unsuccessful,Full
234,0.4,unsuccessful,baseline
234,0.3,unsuccessful,partial
234,0.3,unsuccessful,Full
235,0.6,successful,baseline
235,0.8,successful,partial
235,0.6,successful,Full
236,0.5,unsuccessful,baseline
236,0.8,successful,partial
236,0.5,unsuccessful,Full
237,0.5,unsuccessful,baseline
237,0.8,successful,partial
237,0.4,unsuccessful,Full
238,0.6,successful,baseline
238,0.5,unsuccessful,partial
238,0.7,successful,Full
239,0.5,unsuccessful,baseline
239,0.5,unsuccessful,partial
239,0.5,unsuccessful,Full
240,0.4,unsuccessful,baseline
240,0.2,unsuccessful,partial
240,0.2,unsuccessful,Full
241,0.6,successful,baseline
241,0.3,unsuccessful,partial
241,0.1,unsuccessful,Full
242,0.3,unsuccessful,baseline
242,0.7,successful,partial
242,0.5,unsuccessful,Full
243,0.1,unsuccessful,baseline
243,0.6,successful,partial
243,0.4,unsuccessful,Full
244,0.8,successful,baseline
244,0.6,successful,partial
244,0.4,unsuccessful,Full
245,0.4,unsuccessful,baseline
245,0.6,successful,partial
245,0.2,unsuccessful,Full
246,0.6,successful,baseline
246,0.4,unsuccessful,partial
246,0.4,unsuccessful,Full
247,0.5,unsuccessful,baseline
247,0.5,unsuccessful,partial
247,0.4,unsuccessful,Full
248,0.3,unsuccessful,baseline
248,0.5,unsuccessful,partial
248,0.5,unsuccessful,Full
249,0.4,unsuccessful,baseline
249,0.5,unsuccessful,partial
249,0.2,unsuccessful,Full
250,0.7,successful,baseline
250,0.3,unsuccessful,partial
250,0.4,unsuccessful,Full
251,0.2,unsuccessful,baseline
251,0.6,successful,partial
251,0.5,unsuccessful,Full
252,0.7,successful,baseline
252,0.8,successful,partial
252,0.5,unsuccessful,Full
253,0.6,successful,baseline
253,0.7,successful,partial
253,0.2,unsuccessful,Full
254,0.7,successful,baseline
254,0.7,successful,partial
254,0.5,unsuccessful,Full
255,0.4,unsuccessful,baseline
255,0.6,successful,partial
255,0.4,unsuccessful,Full
256,0.3,unsuccessful,baseline
256,0.6,successful,partial
256,0.6,successful,Full
257,0.6,successful,baseline
257,0.3,unsuccessful,partial
257,0.5,unsuccessful,Full
258,0.4,unsuccessful,baseline
258,0.1,unsuccessful,partial
258,0.2,unsuccessful,Full
259,0.7,successful,baseline
259,0.8,successful,partial
259,0.3,unsuccessful,Full
260,0.3,unsuccessful,baseline
260,0.6,successful,partial
260,0.2,unsuccessful,Full
261,0.5,unsuccessful,baseline
261,0.4,unsuccessful,partial
261,0.6,successful,Full
262,0.3,unsuccessful,baseline
262,0.2,unsuccessful,partial
262,0.5,unsuccessful,Full
263,0.6,successful,baseline
263,0.8,successful,partial
263,0.6,successful,Full
264,0.5,unsuccessful,baseline
264,0.3,unsuccessful,partial
264,0.5,unsuccessful,Full
265,0.3,unsuccessful,baseline
265,0.1,unsuccessful,partial
265,0.2,unsuccessful,Full
266,0.4,unsuccessful,baseline
266,0.7,successful,partial
266,0.8,successful,Full
267,0.6,successful,baseline
267,0.7,successful,partial
267,0.6,successful,Full
268,0.3,unsuccessful,baseline
268,0.4,unsuccessful,partial
268,0.4,unsuccessful,Full
269,0.3,unsuccessful,baseline
269,0.5,unsuccessful,partial
269,0.4,unsuccessful,Full
270,0.4,unsuccessful,baseline
270,0.5,unsuccessful,partial
270,0.3,unsuccessful,Full
271,0.8,successful,baseline
271,0.4,unsuccessful,partial
271,0.5,unsuccessful,Full
272,0.2,unsuccessful,baseline
272,0.6,successful,partial
272,0.3,unsuccessful,Full
273,0.1,unsuccessful,baseline
273,0.5,unsuccessful,partial
273,0.2,unsuccessful,Full
274,0.5,unsuccessful,baseline
274,0.1,unsuccessful,partial
274,0.7,successful,Full
275,0.3,unsuccessful,baseline
275,0.4,unsuccessful,partial
275,0.2,unsuccessful,Full
276,0.1,unsuccessful,baseline
276,0.5,unsuccessful,partial
276,0.4,unsuccessful,Full
277,0.6,successful,baseline
277,0.4,unsuccessful,partial
277,0.3,unsuccessful,Full
278,0.2,unsuccessful,baseline
278,0.3,unsuccessful,partial
278,0.1,unsuccessful,Full
279,0.3,unsuccessful,baseline
279,0.3,unsuccessful,partial
279,0.2,unsuccessful,Full
280,0.1,unsuccessful,baseline
280,0.8,successful,partial
280,0.1,unsuccessful,Full
281,0.4,unsuccessful,baseline
281,0.7,successful,partial
281,0.2,unsuccessful,Full
282,0.5,unsuccessful,baseline
282,0.5,unsuccessful,partial
282,0.4,unsuccessful,Full
283,0.6,successful,baseline
283,0.8,successful,partial
283,0.3,unsuccessful,Full
284,0.3,unsuccessful,baseline
284,0.8,successful,partial
284,0.6,successful,Full
285,0.7,successful,baseline
285,0.6,successful,partial
285,0.3,unsuccessful,Full
286,0.5,unsuccessful,baseline
286,0.4,unsuccessful,partial
286,0.4,unsuccessful,Full
287,0.2,unsuccessful,baseline
287,0.5,unsuccessful,partial
287,0.3,unsuccessful,Full
288,0.6,successful,baseline
288,0.4,unsuccessful,partial
288,0.6,successful,Full
289,0.1,unsuccessful,baseline
289,0.5,unsuccessful,partial
289,0.7,successful,Full
290,0.5,unsuccessful,baseline
290,0.4,unsuccessful,partial
290,0.7,successful,Full
291,0.5,unsuccessful,baseline
291,0.6,successful,partial
291,0.4,unsuccessful,Full
292,0.3,unsuccessful,baseline
292,0.1,unsuccessful,partial
292,0.2,unsuccessful,Full
293,0.5,unsuccessful,baseline
293,0.2,unsuccessful,partial
293,0.2,unsuccessful,Full
294,0.4,unsuccessful,baseline
294,0.8,successful,partial
294,0.2,unsuccessful,Full
295,0.2,unsuccessful,baseline
295,0.5,unsuccessful,partial
295,0.8,successful,Full
296,0.4,unsuccessful,baseline
296,0.3,unsuccessful,partial
296,0.5,unsuccessful,Full
297,0.3,unsuccessful,baseline
297,0.8,successful,partial
297,0.4,unsuccessful,Full
298,0.4,unsuccessful,baseline
298,0.6,successful,partial
298,0.8,successful,Full
299,0.4,unsuccessful,baseline
299,0.2,unsuccessful,partial
299,0.5,unsuccessful,Full
300,0.4,unsuccessful,baseline
300,0.5,unsuccessful,partial
300,0.4,unsuccessful,Full
301,0.4,unsuccessful,baseline
301,0.6,successful,partial
301,0.7,successful,Full
302,0.4,unsuccessful,baseline
302,0.6,successful,partial
302,0.6,successful,Full
303,0.3,unsuccessful,baseline
303,0.4,unsuccessful,partial
303,0.5,unsuccessful,Full
304,0.6,successful,baseline
304,0.4,unsuccessful,partial
304,0.5,unsuccessful,Full
305,0.5,unsuccessful,baseline
305,0.6,successful,partial
305,0.5,unsuccessful,Full
306,0.5,unsuccessful,baseline
306,0.5,unsuccessful,partial
306,0.2,unsuccessful,Full
307,0.6,successful,baseline
307,0.6,successful,partial
307,0.5,unsuccessful,Full
308,0.2,unsuccessful,baseline
308,0.6,successful,partial
308,0.5,unsuccessful,Full
309,0.6,successful,baseline
309,0.4,unsuccessful,partial
309,0.7,successful,Full
310,0.5,unsuccessful,baseline
310,0.5,unsuccessful,partial
310,0.7,successful,Full
311,0.4,unsuccessful,baseline
311,0.8,successful,partial
311,0.5,unsuccessful,Full
312,0.3,unsuccessful,baseline
312,0.5,unsuccessful,partial
312,0.7,successful,Full
313,0.7,successful,baseline
313,0.4,unsuccessful,partial
313,0.2,unsuccessful,Full
314,0.4,unsuccessful,baseline
314,0.5,unsuccessful,partial
314,0.7,successful,Full
315,0.6,successful,baseline
315,0.4,unsuccessful,partial
315,0.7,successful,Full
316,0.8,successful,baseline
316,0.6,successful,partial
316,0.3,unsuccessful,Full
317,0.4,unsuccessful,baseline
317,0.1,unsuccessful,partial
317,0.5,unsuccessful,Full
318,0.4,unsuccessful,baseline
318,0.3,unsuccessful,partial
318,0.1,unsuccessful,Full
319,0.7,successful,baseline
319,0.3,unsuccessful,partial
319,0.5,unsuccessful,Full
320,0.5,unsuccessful,baseline
320,0.4,unsuccessful,partial
320,0.3,unsuccessful,Full
321,0.5,unsuccessful,baseline
321,0.8,successful,partial
321,0.3,unsuccessful,Full
322,0.4,unsuccessful,baseline
322,0.4,unsuccessful,partial
322,0.4,unsuccessful,Full
323,0.6,successful,baseline
323,0.6,successful,partial
323,0.2,unsuccessful,Full
324,0.5,unsuccessful,baseline
324,0.6,successful,partial
324,0.3,unsuccessful,Full
325,0.2,unsuccessful,baseline
325,0.5,unsuccessful,partial
325,0.3,unsuccessful,Full
326,0.2,unsuccessful,baseline
326,0.4,unsuccessful,partial
326,0.7,successful,Full
327,0.7,successful,baseline
327,0.6,successful,partial
327,0.6,successful,Full
328,0.6,successful,baseline
328,0.3,unsuccessful,partial
328,0.5,unsuccessful,Full
329,0.6,successful,baseline
329,0.5,unsuccessful,partial
329,0.3,unsuccessful,Full
330,0.4,unsuccessful,baseline
330,0.1,unsuccessful,partial
330,0.5,unsuccessful,Full
331,0.3,unsuccessful,baseline
331,0.4,unsuccessful,partial
331,0.4,unsuccessful,Full
332,0.4,unsuccessful,baseline
332,0.7,successful,partial
332,0.4,unsuccessful,Full
333,0.4,unsuccessful,baseline
333,0.8,successful,partial
333,0.3,unsuccessful,Full
334,0.3,unsuccessful,baseline
334,0.3,unsuccessful,partial
334,0.5,unsuccessful,Full
335,0.4,unsuccessful,baseline
335,0.4,unsuccessful,partial
335,0.6,successful,Full
336,0.6,successful,baseline
336,0.8,successful,partial
336,0.2,unsuccessful,Full
337,0.2,unsuccessful,baseline
337,0.6,successful,partial
337,0.2,unsuccessful,Full
338,0.4,unsuccessful,baseline
338,0.7,successful,partial
338,0.3,unsuccessful,Full
339,0.6,successful,baseline
339,0.7,successful,partial
339,0.1,unsuccessful,Full
340,0.1,unsuccessful,baseline
340,0.5,unsuccessful,partial
340,0.5,unsuccessful,Full
341,0.2,unsuccessful,baseline
341,0.4,unsuccessful,partial
341,0.2,unsuccessful,Full
342,0.5,unsuccessful,baseline
342,0.8,successful,partial
342,0.3,unsuccessful,Full
343,0.4,unsuccessful,baseline
343,0.6,successful,partial
343,0.2,unsuccessful,Full
344,0.7,successful,baseline
344,0.8,successful,partial
344,0.5,unsuccessful,Full
345,0.7,successful,baseline
345,0.5,unsuccessful,partial
345,0.6,successful,Full
346,0.4,unsuccessful,baseline
346,0.6,successful,partial
346,0.2,unsuccessful,Full
347,0.4,unsuccessful,baseline
347,0.6,successful,partial
347,0.8,successful,Full
348,0.4,unsuccessful,baseline
348,0.6,successful,partial
348,0.2,unsuccessful,Full
349,0.6,successful,baseline
349,0.5,unsuccessful,partial
349,0.2,unsuccessful,Full
350,0.6,successful,baseline
350,0.5,unsuccessful,partial
350,0.2,unsuccessful,Full
351,0.3,unsuccessful,baseline
351,0.1,unsuccessful,partial
351,0.6,successful,Full
352,0.2,unsuccessful,baseline
352,0.3,unsuccessful,partial
352,0.2,unsuccessful,Full
353,0.5,unsuccessful,baseline
353,0.7,successful,partial
353,0.4,unsuccessful,Full
354,0.4,unsuccessful,baseline
354,0.5,unsuccessful,partial
354,0.2,unsuccessful,Full
355,0.6,successful,baseline
355,0.6,successful,partial
355,0.3,unsuccessful,Full
356,0.4,unsuccessful,baseline
356,0.3,unsuccessful,partial
356,0.7,successful,Full
357,0.4,unsuccessful,baseline
357,0.6,successful,partial
357,0.3,unsuccessful,Full
358,0.4,unsuccessful,baseline
358,0.3,unsuccessful,partial
358,0.4,unsuccessful,Full
359,0.5,unsuccessful,baseline
359,0.8,successful,partial
359,0.5,unsuccessful,Full
360,0.6,successful,baseline
360,0.5,unsuccessful,partial
360,0.3,unsuccessful,Full
361,0.4,unsuccessful,baseline
361,0.6,successful,partial
361,0.2,unsuccessful,Full
362,0.4,unsuccessful,baseline
362,0.1,unsuccessful,partial
362,0.6,successful,Full
363,0.6,successful,baseline
363,0.5,unsuccessful,partial
363,0.3,unsuccessful,Full
364,0.6,successful,baseline
364,0.8,successful,partial
364,0.8,successful,Full
365,0.4,unsuccessful,baseline
365,0.5,unsuccessful,partial
365,0.6,successful,Full
366,0.8,successful,baseline
366,0.3,unsuccessful,partial
366,0.3,unsuccessful,Full
367,0.4,unsuccessful,baseline
367,0.4,unsuccessful,partial
367,0.4,unsuccessful,Full
368,0.4,unsuccessful,baseline
368,0.6,successful,partial
368,0.2,unsuccessful,Full
369,0.1,unsuccessful,baseline
369,0.5,unsuccessful,partial
369,0.4,unsuccessful,Full
370,0.2,unsuccessful,baseline
370,0.4,unsuccessful,partial
370,0.5,unsuccessful,Full
371,0.4,unsuccessful,baseline
371,0.6,successful,partial
371,0.2,unsuccessful,Full
372,0.8,successful,baseline
372,0.6,successful,partial
372,0.5,unsuccessful,Full
373,0.3,unsuccessful,baseline
373,0.3,unsuccessful,partial
373,0.3,unsuccessful,Full
374,0.2,unsuccessful,baseline
374,0.6,successful,partial
374,0.7,successful,Full
375,0.3,unsuccessful,baseline
375,0.5,unsuccessful,partial
375,0.5,unsuccessful,Full
376,0.3,unsuccessful,baseline
376,0.3,unsuccessful,partial
376,0.4,unsuccessful,Full
377,0.3,unsuccessful,baseline
377,0.6,successful,partial
377,0.2,unsuccessful,Full
378,0.5,unsuccessful,baseline
378,0.3,unsuccessful,partial
378,0.2,unsuccessful,Full
379,0.4,unsuccessful,baseline
379,0.6,successful,partial
379,0.2,unsuccessful,Full
380,0.4,unsuccessful,baseline
380,0.4,unsuccessful,partial
380,0.6,successful,Full
381,0.3,unsuccessful,baseline
381,0.3,unsuccessful,partial
381,0.5,unsuccessful,Full
382,0.7,successful,baseline
382,0.1,unsuccessful,partial
382,0.5,unsuccessful,Full
383,0.5,unsuccessful,baseline
383,0.5,unsuccessful,partial
383,0.5,unsuccessful,Full
384,0.3,unsuccessful,baseline
384,0.6,successful,partial
384,0.6,successful,Full
385,0.5,unsuccessful,baseline
385,0.8,successful,partial
385,0.5,unsuccessful,Full
386,0.3,unsuccessful,baseline
386,0.7,successful,partial
386,0.4,unsuccessful,Full
387,0.3,unsuccessful,baseline
387,0.3,unsuccessful,partial
387,0.4,unsuccessful,Full
388,0.5,unsuccessful,baseline
388,0.4,unsuccessful,partial
388,0.8,successful,Full
389,0.1,unsuccessful,baseline
389,0.5,unsuccessful,partial
389,0.7,successful,Full
390,0.7,successful,baseline
390,0.4,unsuccessful,partial
390,0.2,unsuccessful,Full
391,0.4,unsuccessful,baseline
391,0.7,successful,partial
391,0.2,unsuccessful,Full
392,0.2,unsuccessful,baseline
392,0.4,unsuccessful,partial
392,0.4,unsuccessful,Full
393,0.2,unsuccessful,baseline
393,0.4,unsuccessful,partial
393,0.5,unsuccessful,Full
394,0.3,unsuccessful,baseline
394,0.3,unsuccessful,partial
394,0.5,unsuccessful,Full
395,0.3,unsuccessful,baseline
395,0.1,unsuccessful,partial
395,0.4,unsuccessful,Full
396,0.6,successful,baseline
396,0.6,successful,partial
396,0.7,successful,Full
397,0.8,successful,baseline
397,0.3,unsuccessful,partial
397,0.7,successful,Full
398,0.5,unsuccessful,baseline
398,0.3,unsuccessful,partial
398,0.2,unsuccessful,Full
399,0.6,successful,baseline
399,0.7,successful,partial
399,0.2,unsuccessful,Full
400,0.5,unsuccessful,baseline
400,0.5,unsuccessful,partial
400,0.6,successful,Full
401,0.8,successful,baseline
401,0.7,successful,partial
401,0.3,unsuccessful,Full
402,0.4,unsuccessful,baseline
402,0.5,unsuccessful,partial
402,0.2,unsuccessful,Full
403,0.1,unsuccessful,baseline
403,0.7,successful,partial
403,0.6,successful,Full
404,0.5,unsuccessful,baseline
404,0.5,unsuccessful,partial
404,0.4,unsuccessful,Full
405,0.6,successful,baseline
405,0.5,unsuccessful,partial
405,0.5,unsuccessful,Full
406,0.3,unsuccessful,baseline
406,0.1,unsuccessful,partial
406,0.1,unsuccessful,Full
407,0.7,successful,baseline
407,0.4,unsuccessful,partial
407,0.6,successful,Full
408,0.3,unsuccessful,baseline
408,0.1,unsuccessful,partial
408,0.6,successful,Full
409,0.1,unsuccessful,baseline
409,0.5,unsuccessful,partial
409,0.4,unsuccessful,Full
410,0.6,successful,baseline
410,0.8,successful,partial
410,0.2,unsuccessful,Full
411,0.4,unsuccessful,baseline
411,0.3,unsuccessful,partial
411,0.7,successful,Full
412,0.6,successful,baseline
412,0.1,unsuccessful,partial
412,0.4,unsuccessful,Full
413,0.6,successful,baseline
413,0.6,successful,partial
413,0.6,successful,Full
414,0.6,successful,baseline
414,0.3,unsuccessful,partial
414,0.3,unsuccessful,Full
415,0.1,unsuccessful,baseline
415,0.3,unsuccessful,partial
415,0.4,unsuccessful,Full
416,0.4,unsuccessful,baseline
416,0.5,unsuccessful,partial
416,0.3,unsuccessful,Full
417,0.6,successful,baseline
417,0.6,successful,partial
417,0.5,unsuccessful,Full
418,0.5,unsuccessful,baseline
418,0.6,successful,partial
418,0.5,unsuccessful,Full
419,0.6,successful,baseline
419,0.7,successful,partial
419,0.6,successful,Full
420,0.2,unsuccessful,baseline
420,0.5,unsuccessful,partial
420,0.8,successful,Full
421,0.3,unsuccessful,baseline
421,0.4,unsuccessful,partial
421,0.2,unsuccessful,Full
422,0.7,successful,baseline
422,0.1,unsuccessful,partial
422,0.3,unsuccessful,Full
423,0.8,successful,baseline
423,0.7,successful,partial
423,0.4,unsuccessful,Full
424,0.4,unsuccessful,baseline
424,0.4,unsuccessful,partial
424,0.3,unsuccessful,Full
425,0.2,unsuccessful,baseline
425,0.6,successful,partial
425,0.4,unsuccessful,Full
426,0.7,successful,baseline
426,0.7,successful,partial
426,0.7,successful,Full
427,0.4,unsuccessful,baseline
427,0.6,successful,partial
427,0.4,unsuccessful,Full
428,0.6,successful,baseline
428,0.6,successful,partial
428,0.7,successful,Full
429,0.3,unsuccessful,baseline
429,0.3,unsuccessful,partial
429,0.6,successful,Full
430,0.4,unsuccessful,baseline
430,0.8,successful,partial
430,0.4,unsuccessful,Full
431,0.5,unsuccessful,baseline
431,0.5,unsuccessful,partial
431,0.1,unsuccessful,Full
432,0.3,unsuccessful,baseline
432,0.6,successful,partial
432,0.4,unsuccessful,Full
433,0.5,unsuccessful,baseline
433,0.3,unsuccessful,partial
433,0.3,unsuccessful,Full
434,0.3,unsuccessful,baseline
434,0.6,successful,partial
434,0.5,unsuccessful,Full
435,0.5,unsuccessful,baseline
435,0.5,unsuccessful,partial
435,0.7,successful,Full
436,0.4,unsuccessful,baseline
436,0.8,successful,partial
436,0.5,unsuccessful,Full
437,0.8,successful,baseline
437,0.5,unsuccessful,partial
437,0.7,successful,Full
438,0.2,unsuccessful,baseline
438,0.5,unsuccessful,partial
438,0.4,unsuccessful,Full
439,0.5,unsuccessful,baseline
439,0.3,unsuccessful,partial
439,0.4,unsuccessful,Full
440,0.2,unsuccessful,baseline
440,0.1,unsuccessful,partial
440,0.3,unsuccessful,Full
441,0.6,successful,baseline
441,0.5,unsuccessful,partial
441,0.7,successful,Full
442,0.5,unsuccessful,baseline
442,0.6,successful,partial
442,0.3,unsuccessful,Full
443,0.4,unsuccessful,baseline
443,0.3,unsuccessful,partial
443,0.2,unsuccessful,Full
444,0.7,successful,baseline
444,0.3,unsuccessful,partial
444,0.1,unsuccessful,Full
445,0.5,unsuccessful,baseline
445,0.5,unsuccessful,partial
445,0.5,unsuccessful,Full
446,0.3,unsuccessful,baseline
446,0.6,successful,partial
446,0.2,unsuccessful,Full
447,0.4,unsuccessful,baseline
447,0.5,unsuccessful,partial
447,0.6,successful,Full
448,0.3,unsuccessful,baseline
448,0.3,unsuccessful,partial
448,0.4,unsuccessful,Full
449,0.5,unsuccessful,baseline
449,0.7,successful,partial
449,0.5,unsuccessful,Full
450,0.6,successful,baseline
450,0.1,unsuccessful,partial
450,0.3,unsuccessful,Full
451,0.7,successful,baseline
451,0.6,successful,partial
451,0.7,successful,Full
452,0.5,unsuccessful,baseline
452,0.6,successful,partial
452,0.5,unsuccessful,Full
453,0.4,unsuccessful,baseline
453,0.5,unsuccessful,partial
453,0.5,unsuccessful,Full
454,0.4,unsuccessful,baseline
454,0.6,successful,partial
454,0.4,unsuccessful,Full
455,0.7,successful,baseline
455,0.6,successful,partial
455,0.1,unsuccessful,Full
456,0.4,unsuccessful,baseline
456,0.6,successful,partial
456,0.6,successful,Full
457,0.4,unsuccessful,baseline
457,0.6,successful,partial
457,0.7,successful,Full
458,0.4,unsuccessful,baseline
458,0.5,unsuccessful,partial
458,0.4,unsuccessful,Full
459,0.5,unsuccessful,baseline
459,0.1,unsuccessful,partial
459,0.2,unsuccessful,Full
460,0.6,successful,baseline
460,0.8,successful,partial
460,0.2,unsuccessful,Full
461,0.4,unsuccessful,baseline
461,0.7,successful,partial
461,0.6,successful,Full
462,0.5,unsuccessful,baseline
462,0.3,unsuccessful,partial
462,0.5,unsuccessful,Full
463,0.4,unsuccessful,baseline
463,0.6,successful,partial
463,0.5,unsuccessful,Full
464,0.1,unsuccessful,baseline
464,0.6,successful,partial
464,0.1,unsuccessful,Full
465,0.3,unsuccessful,baseline
465,0.5,unsuccessful,partial
465,0.7,successful,Full
466,0.7,successful,baseline
466,0.5,unsuccessful,partial
466,0.3,unsuccessful,Full
467,0.1,unsuccessful,baseline
467,0.7,successful,partial
467,0.1,unsuccessful,Full
468,0.6,successful,baseline
468,0.4,unsuccessful,partial
468,0.6,successful,Full
469,0.3,unsuccessful,baseline
469,0.5,unsuccessful,partial
469,0.5,unsuccessful,Full
470,0.7,successful,baseline
470,0.6,successful,partial
470,0.3,unsuccessful,Full
471,0.2,unsuccessful,baseline
471,0.5,unsuccessful,partial
471,0.6,successful,Full
472,0.5,unsuccessful,baseline
472,0.6,successful,partial
472,0.5,unsuccessful,Full
473,0.4,unsuccessful,baseline
473,0.3,unsuccessful,partial
473,0.7,successful,Full
474,0.5,unsuccessful,baseline
474,0.6,successful,partial
474,0.2,unsuccessful,Full
475,0.1,unsuccessful,baseline
475,0.3,unsuccessful,partial
475,0.4,unsuccessful,Full
476,0.5,unsuccessful,baseline
476,0.8,successful,partial
476,0.4,unsuccessful,Full
477,0.4,unsuccessful,baseline
477,0.6,successful,partial
477,0.3,unsuccessful,Full
478,0.2,unsuccessful,baseline
478,0.6,successful,partial
478,0.5,unsuccessful,Full
479,0.2,unsuccessful,baseline
479,0.8,successful,partial
479,0.5,unsuccessful,Full
480,0.7,successful,baseline
480,0.4,unsuccessful,partial
480,0.3,unsuccessful,Full
481,0.6,successful,baseline
481,0.6,successful,partial
481,0.4,unsuccessful,Full
482,0.7,successful,baseline
482,0.5,unsuccessful,partial
482,0.6,successful,Full
483,0.2,unsuccessful,baseline
483,0.6,successful,partial
483,0.4,unsuccessful,Full
484,0.5,unsuccessful,baseline
484,0.6,successful,partial
484,0.5,unsuccessful,Full
485,0.3,unsuccessful,baseline
485,0.3,unsuccessful,partial
485,0.7,successful,Full
486,0.3,unsuccessful,baseline
486,0.7,successful,partial
486,0.4,unsuccessful,Full
487,0.7,successful,baseline
487,0.5,unsuccessful,partial
487,0.8,successful,Full
488,0.1,unsuccessful,baseline
488,0.3,unsuccessful,partial
488,0.1,unsuccessful,Full
489,0.6,successful,baseline
489,0.2,unsuccessful,partial
489,0.2,unsuccessful,Full
490,0.5,unsuccessful,baseline
490,0.5,unsuccessful,partial
490,0.4,unsuccessful,Full
491,0.2,unsuccessful,baseline
491,0.3,unsuccessful,partial
491,0.3,unsuccessful,Full
492,0.4,unsuccessful,baseline
492,0.1,unsuccessful,partial
492,0.6,successful,Full
493,0.3,unsuccessful,baseline
493,0.6,successful,partial
493,0.5,unsuccessful,Full
494,0.6,successful,baseline
494,0.3,unsuccessful,partial
494,0.6,successful,Full
495,0.5,unsuccessful,baseline
495,0.7,successful,partial
495,0.2,unsuccessful,Full
496,0.3,unsuccessful,baseline
496,0.5,unsuccessful,partial
496,0.2,unsuccessful,Full
497,0.4,unsuccessful,baseline
497,0.6,successful,partial
497,0.7,successful,Full
498,0.5,unsuccessful,baseline
498,0.1,unsuccessful,partial
498,0.4,unsuccessful,Full
499,0.2,unsuccessful,baseline
499,0.4,unsuccessful,partial
499,0.5,unsuccessful,Full
500,0.5,unsuccessful,baseline
500,0.7,successful,partial
500,0.6,successful,Full
501,0.8,successful,baseline
501,0.8,successful,partial
501,0.2,unsuccessful,Full
502,0.2,unsuccessful,baseline
502,0.7,successful,partial
502,0.6,successful,Full
503,0.2,unsuccessful,baseline
503,0.8,successful,partial
503,0.5,unsuccessful,Full
504,0.7,successful,baseline
504,0.6,successful,partial
504,0.3,unsuccessful,Full
505,0.1,unsuccessful,baseline
505,0.6,successful,partial
505,0.3,unsuccessful,Full
506,0.5,unsuccessful,baseline
506,0.6,successful,partial
506,0.3,unsuccessful,Full
507,0.4,unsuccessful,baseline
507,0.6,successful,partial
507,0.5,unsuccessful,Full
508,0.4,unsuccessful,baseline
508,0.4,unsuccessful,partial
508,0.5,unsuccessful,Full
509,0.5,unsuccessful,baseline
509,0.5,unsuccessful,partial
509,0.8,successful,Full
510,0.5,unsuccessful,baseline
510,0.4,unsuccessful,partial
510,0.7,successful,Full
511,0.3,unsuccessful,baseline
511,0.6,successful,partial
511,0.7,successful,Full
512,0.6,successful,baseline
512,0.7,successful,partial
512,0.4,unsuccessful,Full
513,0.6,successful,baseline
513,0.8,successful,partial
513,0.4,unsuccessful,Full
514,0.5,unsuccessful,baseline
514,0.6,successful,partial
514,0.7,successful,Full
515,0.4,unsuccessful,baseline
515,0.6,successful,partial
515,0.5,unsuccessful,Full
516,0.7,successful,baseline
516,0.1,unsuccessful,partial
516,0.3,unsuccessful,Full
517,0.4,unsuccessful,baseline
517,0.7,successful,partial
517,0.4,unsuccessful,Full
518,0.8,successful,baseline
518,0.3,unsuccessful,partial
518,0.3,unsuccessful,Full
519,0.5,unsuccessful,baseline
519,0.3,unsuccessful,partial
519,0.4,unsuccessful,Full
520,0.3,unsuccessful,baseline
520,0.5,unsuccessful,partial
520,0.5,unsuccessful,Full
521,0.6,successful,baseline
521,0.6,successful,partial
521,0.5,unsuccessful,Full
522,0.6,successful,baseline
522,0.7,successful,partial
522,0.5,unsuccessful,Full
523,0.3,unsuccessful,baseline
523,0.1,unsuccessful,partial
523,0.7,successful,Full
524,0.5,unsuccessful,baseline
524,0.6,successful,partial
524,0.5,unsuccessful,Full
525,0.3,unsuccessful,baseline
525,0.1,unsuccessful,partial
525,0.3,unsuccessful,Full
526,0.5,unsuccessful,baseline
526,0.4,unsuccessful,partial
526,0.6,successful,Full
527,0.2,unsuccessful,baseline
527,0.6,successful,partial
527,0.5,unsuccessful,Full
528,0.5,unsuccessful,baseline
528,0.8,successful,partial
528,0.4,unsuccessful,Full
529,0.5,unsuccessful,baseline
529,0.5,unsuccessful,partial
529,0.7,successful,Full
530,0.1,unsuccessful,baseline
530,0.6,successful,partial
530,0.4,unsuccessful,Full
531,0.4,unsuccessful,baseline
531,0.5,unsuccessful,partial
531,0.2,unsuccessful,Full
532,0.5,unsuccessful,baseline
532,0.8,successful,partial
532,0.6,successful,Full
533,0.5,unsuccessful,baseline
533,0.5,unsuccessful,partial
533,0.2,unsuccessful,Full
534,0.3,unsuccessful,baseline
534,0.5,unsuccessful,partial
534,0.6,successful,Full
535,0.1,unsuccessful,baseline
535,0.6,successful,partial
535,0.4,unsuccessful,Full
536,0.1,unsuccessful,baseline
536,0.3,unsuccessful,partial
536,0.6,successful,Full
537,0.5,unsuccessful,baseline
537,0.3,unsuccessful,partial
537,0.3,unsuccessful,Full
538,0.2,unsuccessful,baseline
538,0.8,successful,partial
538,0.3,unsuccessful,Full
539,0.5,unsuccessful,baseline
539,0.3,unsuccessful,partial
539,0.6,successful,Full
540,0.5,unsuccessful,baseline
540,0.4,unsuccessful,partial
540,0.5,unsuccessful,Full
541,0.3,unsuccessful,baseline
541,0.5,unsuccessful,partial
541,0.4,unsuccessful,Full
542,0.4,unsuccessful,baseline
542,0.4,unsuccessful,partial
542,0.7,successful,Full
543,0.3,unsuccessful,baseline
543,0.6,successful,partial
543,0.3,unsuccessful,Full
544,0.5,unsuccessful,baseline
544,0.4,unsuccessful,partial
544,0.3,unsuccessful,Full
545,0.4,unsuccessful,baseline
545,0.4,unsuccessful,partial
545,0.3,unsuccessful,Full
546,0.3,unsuccessful,baseline
546,0.4,unsuccessful,partial
546,0.4,unsuccessful,Full
547,0.5,unsuccessful,baseline
547,0.1,unsuccessful,partial
547,0.4,unsuccessful,Full
548,0.1,unsuccessful,baseline
548,0.3,unsuccessful,partial
548,0.2,unsuccessful,Full
549,0.5,unsuccessful,baseline
549,0.1,unsuccessful,partial
549,0.3,unsuccessful,Full
550,0.6,successful,baseline
550,0.8,successful,partial
550,0.8,successful,Full
551,0.7,successful,baseline
551,0.6,successful,partial
551,0.2,unsuccessful,Full
552,0.4,unsuccessful,baseline
552,0.6,successful,partial
552,0.7,successful,Full
553,0.6,successful,baseline
553,0.5,unsuccessful,partial
553,0.6,successful,Full
554,0.3,unsuccessful,baseline
554,0.6,successful,partial
554,0.4,unsuccessful,Full
555,0.7,successful,baseline
555,0.6,successful,partial
555,0.5,unsuccessful,Full
556,0.6,successful,baseline
556,0.3,unsuccessful,partial
556,0.7,successful,Full
557,0.3,unsuccessful,baseline
557,0.8,successful,partial
557,0.4,unsuccessful,Full
558,0.5,unsuccessful,baseline
558,0.4,unsuccessful,partial
558,0.1,unsuccessful,Full
559,0.6,successful,baseline
559,0.4,unsuccessful,partial
559,0.4,unsuccessful,Full
560,0.8,successful,baseline
560,0.5,unsuccessful,partial
560,0.4,unsuccessful,Full
561,0.3,unsuccessful,baseline
561,0.8,successful,partial
561,0.4,unsuccessful,Full
562,0.2,unsuccessful,baseline
562,0.6,successful,partial
562,0.2,unsuccessful,Full
563,0.1,unsuccessful,baseline
563,0.3,unsuccessful,partial
563,0.8,successful,Full
564,0.6,successful,baseline
564,0.4,unsuccessful,partial
564,0.2,unsuccessful,Full
565,0.5,unsuccessful,baseline
565,0.4,unsuccessful,partial
565,0.7,successful,Full
566,0.2,unsuccessful,baseline
566,0.6,successful,partial
566,0.2,unsuccessful,Full
567,0.3,unsuccessful,baseline
567,0.2,unsuccessful,partial
567,0.2,unsuccessful,Full
568,0.1,unsuccessful,baseline
568,0.1,unsuccessful,partial
568,0.5,unsuccessful,Full
569,0.2,unsuccessful,baseline
569,0.6,successful,partial
569,0.5,unsuccessful,Full
570,0.4,unsuccessful,baseline
570,0.6,successful,partial
570,0.5,unsuccessful,Full
571,0.2,unsuccessful,baseline
571,0.5,unsuccessful,partial
571,0.4,unsuccessful,Full
572,0.1,unsuccessful,baseline
572,0.4,unsuccessful,partial
572,0.3,unsuccessful,Full
573,0.3,unsuccessful,baseline
573,0.6,successful,partial
573,0.5,unsuccessful,Full
574,0.3,unsuccessful,baseline
574,0.5,unsuccessful,partial
574,0.4,unsuccessful,Full
575,0.4,unsuccessful,baseline
575,0.1,unsuccessful,partial
575,0.5,unsuccessful,Full
576,0.4,unsuccessful,baseline
576,0.3,unsuccessful,partial
576,0.6,successful,Full
577,0.6,successful,baseline
577,0.5,unsuccessful,partial
577,0.5,unsuccessful,Full
578,0.5,unsuccessful,baseline
578,0.6,successful,partial
578,0.3,unsuccessful,Full
579,0.6,successful,baseline
579,0.6,successful,partial
579,0.4,unsuccessful,Full
580,0.6,successful,baseline
580,0.5,unsuccessful,partial
580,0.5,unsuccessful,Full
581,0.3,unsuccessful,baseline
581,0.7,successful,partial
581,0.6,successful,Full
582,0.4,unsuccessful,baseline
582,0.5,unsuccessful,partial
582,0.5,unsuccessful,Full
583,0.5,unsuccessful,baseline
583,0.8,successful,partial
583,0.4,unsuccessful,Full
584,0.6,successful,baseline
584,0.5,unsuccessful,partial
584,0.5,unsuccessful,Full
585,0.7,successful,baseline
585,0.1,unsuccessful,partial
585,0.6,successful,Full
586,0.6,successful,baseline
586,0.5,unsuccessful,partial
586,0.2,unsuccessful,Full
587,0.5,unsuccessful,baseline
587,0.4,unsuccessful,partial
587,0.7,successful,Full
588,0.6,successful,baseline
588,0.3,unsuccessful,partial
588,0.3,unsuccessful,Full
589,0.4,unsuccessful,baseline
589,0.6,successful,partial
589,0.3,unsuccessful,Full
590,0.5,unsuccessful,baseline
590,0.1,unsuccessful,partial
590,0.3,unsuccessful,Full
591,0.2,unsuccessful,baseline
591,0.5,unsuccessful,partial
591,0.3,unsuccessful,Full
592,0.4,unsuccessful,baseline
592,0.8,successful,partial
592,0.5,unsuccessful,Full
593,0.5,unsuccessful,baseline
593,0.1,unsuccessful,partial
593,0.6,successful,Full
594,0.3,unsuccessful,baseline
594,0.8,successful,partial
594,0.2,unsuccessful,Full
595,0.3,unsuccessful,baseline
595,0.8,successful,partial
595,0.8,successful,Full
596,0.5,unsuccessful,baseline
596,0.6,successful,partial
596,0.4,unsuccessful,Full
597,0.4,unsuccessful,baseline
597,0.5,unsuccessful,partial
597,0.7,successful,Full
598,0.6,successful,baseline
598,0.5,unsuccessful,partial
598,0.7,successful,Full
599,0.5,unsuccessful,baseline
599,0.5,unsuccessful,partial
599,0.5,unsuccessful,Full
600,0.4,unsuccessful,baseline
600,0.6,successful,partial
600,0.5,unsuccessful,Full
601,0.3,unsuccessful,baseline
601,0.7,successful,partial
601,0.5,unsuccessful,Full
602,0.3,unsuccessful,baseline
602,0.2,unsuccessful,partial
602,0.1,unsuccessful,Full
603,0.8,successful,baseline
603,0.6,successful,partial
603,0.3,unsuccessful,Full
604,0.4,unsuccessful,baseline
604,0.1,unsuccessful,partial
604,0.3,unsuccessful,Full
605,0.5,unsuccessful,baseline
605,0.5,unsuccessful,partial
605,0.2,unsuccessful,Full
606,0.7,successful,baseline
606,0.4,unsuccessful,partial
606,0.4,unsuccessful,Full
607,0.5,unsuccessful,baseline
607,0.5,unsuccessful,partial
607,0.5,unsuccessful,Full
608,0.4,unsuccessful,baseline
608,0.6,successful,partial
608,0.3,unsuccessful,Full
609,0.3,unsuccessful,baseline
609,0.2,unsuccessful,partial
609,0.2,unsuccessful,Full
610,0.5,unsuccessful,baseline
610,0.8,successful,partial
610,0.7,successful,Full
611,0.3,unsuccessful,baseline
611,0.5,unsuccessful,partial
611,0.5,unsuccessful,Full
612,0.5,unsuccessful,baseline
612,0.5,unsuccessful,partial
612,0.4,unsuccessful,Full
613,0.3,unsuccessful,baseline
613,0.6,successful,partial
613,0.8,successful,Full
614,0.6,successful,baseline
614,0.5,unsuccessful,partial
614,0.4,unsuccessful,Full
615,0.4,unsuccessful,baseline
615,0.3,unsuccessful,partial
615,0.7,successful,Full
616,0.4,unsuccessful,baseline
616,0.5,unsuccessful,partial
616,0.4,unsuccessful,Full
617,0.7,successful,baseline
617,0.3,unsuccessful,partial
617,0.4,unsuccessful,Full
618,0.8,successful,baseline
618,0.1,unsuccessful,partial
618,0.5,unsuccessful,Full
619,0.3,unsuccessful,baseline
619,0.7,successful,partial
619,0.6,successful,Full
620,0.4,unsuccessful,baseline
620,0.3,unsuccessful,partial
620,0.5,unsuccessful,Full
621,0.8,successful,baseline
621,0.7,successful,partial
621,0.3,unsuccessful,Full
622,0.7,successful,baseline
622,0.4,unsuccessful,partial
622,0.5,unsuccessful,Full
623,0.1,unsuccessful,baseline
623,0.4,unsuccessful,partial
623,0.4,unsuccessful,Full
624,0.4,unsuccessful,baseline
624,0.6,successful,partial
624,0.5,unsuccessful,Full
625,0.4,unsuccessful,baseline
625,0.6,successful,partial
625,0.5,unsuccessful,Full
626,0.4,unsuccessful,baseline
626,0.7,successful,partial
626,0.3,unsuccessful,Full
627,0.7,successful,baseline
627,0.7,successful,partial
627,0.5,unsuccessful,Full
628,0.6,successful,baseline
628,0.5,unsuccessful,partial
628,0.3,unsuccessful,Full
629,0.4,unsuccessful,baseline
629,0.4,unsuccessful,partial
629,0.6,successful,Full
630,0.3,unsuccessful,baseline
630,0.6,successful,partial
630,0.6,successful,Full
631,0.4,unsuccessful,baseline
631,0.3,unsuccessful,partial
631,0.2,unsuccessful,Full
632,0.2,unsuccessful,baseline
632,0.6,successful,partial
632,0.4,unsuccessful,Full
633,0.4,unsuccessful,baseline
633,0.3,unsuccessful,partial
633,0.3,unsuccessful,Full
634,0.6,successful,baseline
634,0.4,unsuccessful,partial
634,0.6,successful,Full
635,0.3,unsuccessful,baseline
635,0.6,successful,partial
635,0.2,unsuccessful,Full
636,0.6,successful,baseline
636,0.4,unsuccessful,partial
636,0.2,unsuccessful,Full
637,0.2,unsuccessful,baseline
637,0.4,unsuccessful,partial
637,0.8,successful,Full
638,0.2,unsuccessful,baseline
638,0.4,unsuccessful,partial
638,0.3,unsuccessful,Full
639,0.7,successful,baseline
639,0.5,unsuccessful,partial
639,0.2,unsuccessful,Full
640,0.3,unsuccessful,baseline
640,0.3,unsuccessful,partial
640,0.5,unsuccessful,Full
641,0.6,successful,baseline
641,0.6,successful,partial
641,0.4,unsuccessful,Full
642,0.6,successful,baseline
642,0.4,unsuccessful,partial
642,0.3,unsuccessful,Full
643,0.8,successful,baseline
643,0.4,unsuccessful,partial
643,0.4,unsuccessful,Full
644,0.5,unsuccessful,baseline
644,0.4,unsuccessful,partial
644,0.3,unsuccessful,Full
645,0.5,unsuccessful,baseline
645,0.3,unsuccessful,partial
645,0.1,unsuccessful,Full
646,0.3,unsuccessful,baseline
646,0.6,successful,partial
646,0.7,successful,Full
647,0.4,unsuccessful,baseline
647,0.7,successful,partial
647,0.4,unsuccessful,Full
648,0.4,unsuccessful,baseline
648,0.5,unsuccessful,partial
648,0.8,successful,Full
649,0.3,unsuccessful,baseline
649,0.5,unsuccessful,partial
649,0.7,successful,Full
650,0.4,unsuccessful,baseline
650,0.4,unsuccessful,partial
650,0.4,unsuccessful,Full
651,0.3,unsuccessful,baseline
651,0.5,unsuccessful,partial
651,0.2,unsuccessful,Full
652,0.6,successful,baseline
652,0.5,unsuccessful,partial
652,0.6,successful,Full
653,0.5,unsuccessful,baseline
653,0.8,successful,partial
653,0.5,unsuccessful,Full
654,0.5,unsuccessful,baseline
654,0.8,successful,partial
654,0.2,unsuccessful,Full
655,0.4,unsuccessful,baseline
655,0.1,unsuccessful,partial
655,0.2,unsuccessful,Full
656,0.3,unsuccessful,baseline
656,0.6,successful,partial
656,0.4,unsuccessful,Full
657,0.6,successful,baseline
657,0.5,unsuccessful,partial
657,0.4,unsuccessful,Full
658,0.3,unsuccessful,baseline
658,0.5,unsuccessful,partial
658,0.6,successful,Full
659,0.6,successful,baseline
659,0.7,successful,partial
659,0.3,unsuccessful,Full
660,0.5,unsuccessful,baseline
660,0.8,successful,partial
660,0.4,unsuccessful,Full
661,0.4,unsuccessful,baseline
661,0.6,successful,partial
661,0.3,unsuccessful,Full
662,0.1,unsuccessful,baseline
662,0.1,unsuccessful,partial
662,0.5,unsuccessful,Full
663,0.7,successful,baseline
663,0.2,unsuccessful,partial
663,0.2,unsuccessful,Full
664,0.6,successful,baseline
664,0.7,successful,partial
664,0.2,unsuccessful,Full
665,0.7,successful,baseline
665,0.3,unsuccessful,partial
665,0.7,successful,Full
666,0.3,unsuccessful,baseline
666,0.3,unsuccessful,partial
666,0.7,successful,Full
667,0.2,unsuccessful,baseline
667,0.1,unsuccessful,partial
667,0.6,successful,Full
668,0.4,unsuccessful,baseline
668,0.5,unsuccessful,partial
668,0.7,successful,Full
669,0.2,unsuccessful,baseline
669,0.2,unsuccessful,partial
669,0.1,unsuccessful,Full
670,0.5,unsuccessful,baseline
670,0.6,successful,partial
670,0.2,unsuccessful,Full
671,0.1,unsuccessful,baseline
671,0.3,unsuccessful,partial
671,0.4,unsuccessful,Full
672,0.2,unsuccessful,baseline
672,0.4,unsuccessful,partial
672,0.5,unsuccessful,Full
673,0.4,unsuccessful,baseline
673,0.5,unsuccessful,partial
673,0.7,successful,Full
674,0.2,unsuccessful,baseline
674,0.1,unsuccessful,partial
674,0.6,successful,Full
675,0.3,unsuccessful,baseline
675,0.7,successful,partial
675,0.8,successful,Full
676,0.4,unsuccessful,baseline
676,0.6,successful,partial
676,0.8,successful,Full
677,0.4,unsuccessful,baseline
677,0.5,unsuccessful,partial
677,0.4,unsuccessful,Full
678,0.3,unsuccessful,baseline
678,0.1,unsuccessful,partial
678,0.2,unsuccessful,Full
679,0.5,unsuccessful,baseline
679,0.5,unsuccessful,partial
679,0.2,unsuccessful,Full
680,0.4,unsuccessful,baseline
680,0.8,successful,partial
680,0.2,unsuccessful,Full
681,0.7,successful,baseline
681,0.6,successful,partial
681,0.5,unsuccessful,Full
682,0.7,successful,baseline
682,0.3,unsuccessful,partial
682,0.2,unsuccessful,Full
683,0.3,unsuccessful,baseline
683,0.5,unsuccessful,partial
683,0.4,unsuccessful,Full
684,0.5,unsuccessful,baseline
684,0.6,successful,partial
684,0.4,unsuccessful,Full
685,0.5,unsuccessful,baseline
685,0.4,unsuccessful,partial
685,0.5,unsuccessful,Full
686,0.5,unsuccessful,baseline
686,0.5,unsuccessful,partial
686,0.5,unsuccessful,Full
687,0.6,successful,baseline
687,0.6,successful,partial
687,0.3,unsuccessful,Full
688,0.1,unsuccessful,baseline
688,0.8,successful,partial
688,0.1,unsuccessful,Full
689,0.5,unsuccessful,baseline
689,0.3,unsuccessful,partial
689,0.4,unsuccessful,Full
690,0.5,unsuccessful,baseline
690,0.1,unsuccessful,partial
690,0.2,unsuccessful,Full
691,0.5,unsuccessful,baseline
691,0.4,unsuccessful,partial
691,0.2,unsuccessful,Full
692,0.6,successful,baseline
692,0.6,successful,partial
692,0.4,unsuccessful,Full
693,0.2,unsuccessful,baseline
693,0.7,successful,partial
693,0.2,unsuccessful,Full
694,0.6,successful,baseline
694,0.5,unsuccessful,partial
694,0.7,successful,Full
695,0.2,unsuccessful,baseline
695,0.5,unsuccessful,partial
695,0.4,unsuccessful,Full
696,0.5,unsuccessful,baseline
696,0.4,unsuccessful,partial
696,0.5,unsuccessful,Full
697,0.7,successful,baseline
697,0.5,unsuccessful,partial
697,0.1,unsuccessful,Full
698,0.5,unsuccessful,baseline
698,0.5,unsuccessful,partial
698,0.4,unsuccessful,Full
699,0.5,unsuccessful,baseline
699,0.1,unsuccessful,partial
699,0.2,unsuccessful,Full
700,0.4,unsuccessful,baseline
700,0.8,successful,partial
700,0.3,unsuccessful,Full
701,0.6,successful,baseline
701,0.6,successful,partial
701,0.6,successful,Full
702,0.5,unsuccessful,baseline
702,0.6,successful,partial
702,0.4,unsuccessful,Full
703,0.6,successful,baseline
703,0.8,successful,partial
703,0.3,unsuccessful,Full
704,0.6,successful,baseline
704,0.5,unsuccessful,partial
704,0.5,unsuccessful,Full
705,0.5,unsuccessful,baseline
705,0.5,unsuccessful,partial
705,0.4,unsuccessful,Full
706,0.7,successful,baseline
706,0.6,successful,partial
706,0.3,unsuccessful,Full
707,0.5,unsuccessful,baseline
707,0.1,unsuccessful,partial
707,0.4,unsuccessful,Full
708,0.6,successful,baseline
708,0.3,unsuccessful,partial
708,0.7,successful,Full
709,0.5,unsuccessful,baseline
709,0.5,unsuccessful,partial
709,0.4,unsuccessful,Full
710,0.5,unsuccessful,baseline
710,0.3,unsuccessful,partial
710,0.2,unsuccessful,Full
711,0.4,unsuccessful,baseline
711,0.7,successful,partial
711,0.5,unsuccessful,Full
712,0.3,unsuccessful,baseline
712,0.3,unsuccessful,partial
712,0.7,successful,Full
713,0.1,unsuccessful,baseline
713,0.4,unsuccessful,partial
713,0.3,unsuccessful,Full
714,0.2,unsuccessful,baseline
714,0.5,unsuccessful,partial
714,0.4,unsuccessful,Full
715,0.3,unsuccessful,baseline
715,0.4,unsuccessful,partial
715,0.2,unsuccessful,Full
716,0.6,successful,baseline
716,0.4,unsuccessful,partial
716,0.5,unsuccessful,Full
717,0.2,unsuccessful,baseline
717,0.3,unsuccessful,partial
717,0.6,successful,Full
718,0.6,successful,baseline
718,0.5,unsuccessful,partial
718,0.5,unsuccessful,Full
719,0.5,unsuccessful,baseline
719,0.4,unsuccessful,partial
719,0.2,unsuccessful,Full
720,0.4,unsuccessful,baseline
720,0.3,unsuccessful,partial
720,0.1,unsuccessful,Full
721,0.7,successful,baseline
721,0.1,unsuccessful,partial
721,0.7,successful,Full
722,0.3,unsuccessful,baseline
722,0.5,unsuccessful,partial
722,0.3,unsuccessful,Full
723,0.3,unsuccessful,baseline
723,0.4,unsuccessful,partial
723,0.5,unsuccessful,Full
724,0.4,unsuccessful,baseline
724,0.6,successful,partial
724,0.4,unsuccessful,Full
725,0.3,unsuccessful,baseline
725,0.8,successful,partial
725,0.1,unsuccessful,Full
726,0.5,unsuccessful,baseline
726,0.4,unsuccessful,partial
726,0.3,unsuccessful,Full
727,0.4,unsuccessful,baseline
727,0.6,successful,partial
727,0.2,unsuccessful,Full
728,0.1,unsuccessful,baseline
728,0.3,unsuccessful,partial
728,0.7,successful,Full
729,0.3,unsuccessful,baseline
729,0.5,unsuccessful,partial
729,0.7,successful,Full
730,0.4,unsuccessful,baseline
730,0.5,unsuccessful,partial
730,0.5,unsuccessful,Full
731,0.3,unsuccessful,baseline
731,0.3,unsuccessful,partial
731,0.3,unsuccessful,Full
732,0.6,successful,baseline
732,0.3,unsuccessful,partial
732,0.4,unsuccessful,Full
733,0.5,unsuccessful,baseline
733,0.8,successful,partial
733,0.3,unsuccessful,Full
734,0.3,unsuccessful,baseline
734,0.6,successful,partial
734,0.4,unsuccessful,Full
735,0.2,unsuccessful,baseline
735,0.7,successful,partial
735,0.5,unsuccessful,Full
736,0.7,successful,baseline
736,0.2,unsuccessful,partial
736,0.5,unsuccessful,Full
737,0.5,unsuccessful,baseline
737,0.1,unsuccessful,partial
737,0.4,unsuccessful,Full
738,0.3,unsuccessful,baseline
738,0.3,unsuccessful,partial
738,0.5,unsuccessful,Full
739,0.7,successful,baseline
739,0.3,unsuccessful,partial
739,0.4,unsuccessful,Full
740,0.4,unsuccessful,baseline
740,0.3,unsuccessful,partial
740,0.5,unsuccessful,Full
741,0.4,unsuccessful,baseline
741,0.8,successful,partial
741,0.4,unsuccessful,Full
742,0.2,unsuccessful,baseline
742,0.3,unsuccessful,partial
742,0.4,unsuccessful,Full
743,0.3,unsuccessful,baseline
743,0.5,unsuccessful,partial
743,0.5,unsuccessful,Full
744,0.2,unsuccessful,baseline
744,0.4,unsuccessful,partial
744,0.5,unsuccessful,Full
745,0.8,successful,baseline
745,0.3,unsuccessful,partial
745,0.5,unsuccessful,Full
746,0.7,successful,baseline
746,0.6,successful,partial
746,0.5,unsuccessful,Full
747,0.4,unsuccessful,baseline
747,0.1,unsuccessful,partial
747,0.4,unsuccessful,Full
748,0.6,successful,baseline
748,0.2,unsuccessful,partial
748,0.3,unsuccessful,Full
749,0.4,unsuccessful,baseline
749,0.3,unsuccessful,partial
749,0.2,unsuccessful,Full
750,0.4,unsuccessful,baseline
750,0.3,unsuccessful,partial
750,0.1,unsuccessful,Full
751,0.2,unsuccessful,baseline
751,0.3,unsuccessful,partial
751,0.5,unsuccessful,Full
752,0.4,unsuccessful,baseline
752,0.1,unsuccessful,partial
752,0.7,successful,Full
753,0.3,unsuccessful,baseline
753,0.5,unsuccessful,partial
753,0.3,unsuccessful,Full
754,0.6,successful,baseline
754,0.6,successful,partial
754,0.5,unsuccessful,Full
755,0.7,successful,baseline
755,0.5,unsuccessful,partial
755,0.5,unsuccessful,Full
756,0.5,unsuccessful,baseline
756,0.6,successful,partial
756,0.4,unsuccessful,Full
757,0.5,unsuccessful,baseline
757,0.7,successful,partial
757,0.2,unsuccessful,Full
758,0.4,unsuccessful,baseline
758,0.5,unsuccessful,partial
758,0.1,unsuccessful,Full
759,0.5,unsuccessful,baseline
759,0.5,unsuccessful,partial
759,0.4,unsuccessful,Full
760,0.4,unsuccessful,baseline
760,0.4,unsuccessful,partial
760,0.3,unsuccessful,Full
761,0.4,unsuccessful,baseline
761,0.6,successful,partial
761,0.4,unsuccessful,Full
762,0.5,unsuccessful,baseline
762,0.3,unsuccessful,partial
762,0.5,unsuccessful,Full
763,0.6,successful,baseline
763,0.3,unsuccessful,partial
763,0.6,successful,Full
764,0.2,unsuccessful,baseline
764,0.8,successful,partial
764,0.5,unsuccessful,Full
765,0.8,successful,baseline
765,0.5,unsuccessful,partial
765,0.2,unsuccessful,Full
766,0.5,unsuccessful,baseline
766,0.6,successful,partial
766,0.3,unsuccessful,Full
767,0.5,unsuccessful,baseline
767,0.5,unsuccessful,partial
767,0.4,unsuccessful,Full
768,0.1,unsuccessful,baseline
768,0.4,unsuccessful,partial
768,0.4,unsuccessful,Full
769,0.6,successful,baseline
769,0.1,unsuccessful,partial
769,0.4,unsuccessful,Full
770,0.4,unsuccessful,baseline
770,0.7,successful,partial
770,0.4,unsuccessful,Full
771,0.6,successful,baseline
771,0.4,unsuccessful,partial
771,0.4,unsuccessful,Full
772,0.3,unsuccessful,baseline
772,0.5,unsuccessful,partial
772,0.4,unsuccessful,Full
773,0.2,unsuccessful,baseline
773,0.3,unsuccessful,partial
773,0.5,unsuccessful,Full
774,0.5,unsuccessful,baseline
774,0.6,successful,partial
774,0.2,unsuccessful,Full
775,0.4,unsuccessful,baseline
775,0.7,successful,partial
775,0.6,successful,Full
776,0.2,unsuccessful,baseline
776,0.3,unsuccessful,partial
776,0.5,unsuccessful,Full
777,0.3,unsuccessful,baseline
777,0.5,unsuccessful,partial
777,0.4,unsuccessful,Full
778,0.8,successful,baseline
778,0.4,unsuccessful,partial
778,0.5,unsuccessful,Full
779,0.4,unsuccessful,baseline
779,0.4,unsuccessful,partial
779,0.8,successful,Full
780,0.6,successful,baseline
780,0.5,unsuccessful,partial
780,0.5,unsuccessful,Full
781,0.7,successful,baseline
781,0.5,unsuccessful,partial
781,0.2,unsuccessful,Full
782,0.4,unsuccessful,baseline
782,0.8,successful,partial
782,0.7,successful,Full
783,0.2,unsuccessful,baseline
783,0.3,unsuccessful,partial
783,0.5,unsuccessful,Full
784,0.3,unsuccessful,baseline
784,0.5,unsuccessful,partial
784,0.5,unsuccessful,Full
785,0.4,unsuccessful,baseline
785,0.3,unsuccessful,partial
785,0.4,unsuccessful,Full
786,0.4,unsuccessful,baseline
786,0.8,successful,partial
786,0.5,unsuccessful,Full
787,0.4,unsuccessful,baseline
787,0.1,unsuccessful,partial
787,0.4,unsuccessful,Full
788,0.2,unsuccessful,baseline
788,0.4,unsuccessful,partial
788,0.2,unsuccessful,Full
789,0.4,unsuccessful,baseline
789,0.5,unsuccessful,partial
789,0.4,unsuccessful,Full
790,0.3,unsuccessful,baseline
790,0.6,successful,partial
790,0.6,successful,Full
791,0.6,successful,baseline
791,0.5,unsuccessful,partial
791,0.3,unsuccessful,Full
792,0.7,successful,baseline
792,0.5,unsuccessful,partial
792,0.3,unsuccessful,Full
793,0.5,unsuccessful,baseline
793,0.7,successful,partial
793,0.2,unsuccessful,Full
794,0.4,unsuccessful,baseline
794,0.4,unsuccessful,partial
794,0.3,unsuccessful,Full
795,0.2,unsuccessful,baseline
795,0.6,successful,partial
795,0.6,successful,Full
796,0.5,unsuccessful,baseline
796,0.6,successful,partial
796,0.6,successful,Full
797,0.2,unsuccessful,baseline
797,0.2,unsuccessful,partial
797,0.7,successful,Full
798,0.4,unsuccessful,baseline
798,0.7,successful,partial
798,0.3,unsuccessful,Full
799,0.5,unsuccessful,baseline
799,0.5,unsuccessful,partial
799,0.4,unsuccessful,Full
800,0.6,successful,baseline
800,0.5,unsuccessful,partial
800,0.7,successful,Full
801,0.2,unsuccessful,baseline
801,0.8,successful,partial
801,0.7,successful,Full
802,0.6,successful,baseline
802,0.7,successful,partial
802,0.2,unsuccessful,Full
803,0.3,unsuccessful,baseline
803,0.4,unsuccessful,partial
803,0.7,successful,Full
804,0.5,unsuccessful,baseline
804,0.6,successful,partial
804,0.4,unsuccessful,Full
805,0.4,unsuccessful,baseline
805,0.5,unsuccessful,partial
805,0.6,successful,Full
806,0.6,successful,baseline
806,0.3,unsuccessful,partial
806,0.8,successful,Full
807,0.4,unsuccessful,baseline
807,0.2,unsuccessful,partial
807,0.4,unsuccessful,Full
808,0.4,unsuccessful,baseline
808,0.5,unsuccessful,partial
808,0.5,unsuccessful,Full
809,0.3,unsuccessful,baseline
809,0.5,unsuccessful,partial
809,0.7,successful,Full
810,0.3,unsuccessful,baseline
810,0.8,successful,partial
810,0.7,successful,Full
811,0.4,unsuccessful,baseline
811,0.8,successful,partial
811,0.5,unsuccessful,Full
812,0.5,unsuccessful,baseline
812,0.6,successful,partial
812,0.6,successful,Full
813,0.3,unsuccessful,baseline
813,0.3,unsuccessful,partial
813,0.4,unsuccessful,Full
814,0.3,unsuccessful,baseline
814,0.5,unsuccessful,partial
814,0.7,successful,Full
815,0.2,unsuccessful,baseline
815,0.6,successful,partial
815,0.7,successful,Full
816,0.5,unsuccessful,baseline
816,0.6,successful,partial
816,0.7,successful,Full
817,0.3,unsuccessful,baseline
817,0.6,successful,partial
817,0.5,unsuccessful,Full
818,0.5,unsuccessful,baseline
818,0.7,successful,partial
818,0.6,successful,Full
819,0.4,unsuccessful,baseline
819,0.6,successful,partial
819,0.3,unsuccessful,Full
820,0.3,unsuccessful,baseline
820,0.5,unsuccessful,partial
820,0.7,successful,Full
821,0.5,unsuccessful,baseline
821,0.6,successful,partial
821,0.4,unsuccessful,Full
822,0.6,successful,baseline
822,0.4,unsuccessful,partial
822,0.4,unsuccessful,Full
823,0.5,unsuccessful,baseline
823,0.5,unsuccessful,partial
823,0.2,unsuccessful,Full
824,0.6,successful,baseline
824,0.6,successful,partial
824,0.4,unsuccessful,Full
825,0.1,unsuccessful,baseline
825,0.5,unsuccessful,partial
825,0.1,unsuccessful,Full
826,0.6,successful,baseline
826,0.6,successful,partial
826,0.5,unsuccessful,Full
827,0.3,unsuccessful,baseline
827,0.4,unsuccessful,partial
827,0.6,successful,Full
828,0.3,unsuccessful,baseline
828,0.2,unsuccessful,partial
828,0.5,unsuccessful,Full
829,0.3,unsuccessful,baseline
829,0.6,successful,partial
829,0.4,unsuccessful,Full
830,0.4,unsuccessful,baseline
830,0.4,unsuccessful,partial
830,0.5,unsuccessful,Full
831,0.4,unsuccessful,baseline
831,0.6,successful,partial
831,0.6,successful,Full
832,0.2,unsuccessful,baseline
832,0.8,successful,partial
832,0.4,unsuccessful,Full
833,0.4,unsuccessful,baseline
833,0.6,successful,partial
833,0.4,unsuccessful,Full
834,0.1,unsuccessful,baseline
834,0.4,unsuccessful,partial
834,0.4,unsuccessful,Full
835,0.4,unsuccessful,baseline
835,0.7,successful,partial
835,0.5,unsuccessful,Full
836,0.7,successful,baseline
836,0.6,successful,partial
836,0.4,unsuccessful,Full
837,0.6,successful,baseline
837,0.2,unsuccessful,partial
837,0.2,unsuccessful,Full
838,0.6,successful,baseline
838,0.8,successful,partial
838,0.6,successful,Full
839,0.7,successful,baseline
839,0.7,successful,partial
839,0.7,successful,Full
840,0.7,successful,baseline
840,0.5,unsuccessful,partial
840,0.4,unsuccessful,Full
841,0.4,unsuccessful,baseline
841,0.4,unsuccessful,partial
841,0.2,unsuccessful,Full
842,0.5,unsuccessful,baseline
842,0.5,unsuccessful,partial
842,0.7,successful,Full
843,0.4,unsuccessful,baseline
843,0.7,successful,partial
843,0.3,unsuccessful,Full
844,0.1,unsuccessful,baseline
844,0.5,unsuccessful,partial
844,0.8,successful,Full
845,0.7,successful,baseline
845,0.5,unsuccessful,partial
845,0.3,unsuccessful,Full
846,0.4,unsuccessful,baseline
846,0.4,unsuccessful,partial
846,0.5,unsuccessful,Full
847,0.5,unsuccessful,baseline
847,0.6,successful,partial
847,0.4,unsuccessful,Full
848,0.3,unsuccessful,baseline
848,0.5,unsuccessful,partial
848,0.3,unsuccessful,Full
849,0.1,unsuccessful,baseline
849,0.7,successful,partial
849,0.4,unsuccessful,Full
850,0.4,unsuccessful,baseline
850,0.5,unsuccessful,partial
850,0.6,successful,Full
851,0.6,successful,baseline
851,0.5,unsuccessful,partial
851,0.3,unsuccessful,Full
852,0.4,unsuccessful,baseline
852,0.6,successful,partial
852,0.2,unsuccessful,Full
853,0.2,unsuccessful,baseline
853,0.7,successful,partial
853,0.6,successful,Full
854,0.6,successful,baseline
854,0.3,unsuccessful,partial
854,0.3,unsuccessful,Full
855,0.6,successful,baseline
855,0.6,successful,partial
855,0.1,unsuccessful,Full
856,0.8,successful,baseline
856,0.5,unsuccessful,partial
856,0.5,unsuccessful,Full
857,0.5,unsuccessful,baseline
857,0.8,successful,partial
857,0.4,unsuccessful,Full
858,0.5,unsuccessful,baseline
858,0.4,unsuccessful,partial
858,0.4,unsuccessful,Full
859,0.4,unsuccessful,baseline
859,0.6,successful,partial
859,0.6,successful,Full
860,0.5,unsuccessful,baseline
860,0.5,unsuccessful,partial
860,0.5,unsuccessful,Full
861,0.3,unsuccessful,baseline
861,0.6,successful,partial
861,0.4,unsuccessful,Full
862,0.4,unsuccessful,baseline
862,0.3,unsuccessful,partial
862,0.3,unsuccessful,Full
863,0.7,successful,baseline
863,0.6,successful,partial
863,0.3,unsuccessful,Full
864,0.1,unsuccessful,baseline
864,0.7,successful,partial
864,0.7,successful,Full
865,0.1,unsuccessful,baseline
865,0.7,successful,partial
865,0.4,unsuccessful,Full
866,0.5,unsuccessful,baseline
866,0.3,unsuccessful,partial
866,0.7,successful,Full
867,0.2,unsuccessful,baseline
867,0.5,unsuccessful,partial
867,0.7,successful,Full
868,0.6,successful,baseline
868,0.7,successful,partial
868,0.4,unsuccessful,Full
869,0.5,unsuccessful,baseline
869,0.1,unsuccessful,partial
869,0.3,unsuccessful,Full
870,0.5,unsuccessful,baseline
870,0.3,unsuccessful,partial
870,0.5,unsuccessful,Full
871,0.4,unsuccessful,baseline
871,0.6,successful,partial
871,0.8,successful,Full
872,0.5,unsuccessful,baseline
872,0.4,unsuccessful,partial
872,0.4,unsuccessful,Full
873,0.3,unsuccessful,baseline
873,0.6,successful,partial
873,0.2,unsuccessful,Full
874,0.7,successful,baseline
874,0.5,unsuccessful,partial
874,0.7,successful,Full
875,0.5,unsuccessful,baseline
875,0.1,unsuccessful,partial
875,0.3,unsuccessful,Full
876,0.5,unsuccessful,baseline
876,0.3,unsuccessful,partial
876,0.6,successful,Full
877,0.7,successful,baseline
877,0.5,unsuccessful,partial
877,0.5,unsuccessful,Full
878,0.1,unsuccessful,baseline
878,0.6,successful,partial
878,0.4,unsuccessful,Full
879,0.4,unsuccessful,baseline
879,0.7,successful,partial
879,0.3,unsuccessful,Full
880,0.3,unsuccessful,baseline
880,0.2,unsuccessful,partial
880,0.5,unsuccessful,Full
881,0.3,unsuccessful,baseline
881,0.2,unsuccessful,partial
881,0.5,unsuccessful,Full
882,0.6,successful,baseline
882,0.1,unsuccessful,partial
882,0.4,unsuccessful,Full
883,0.4,unsuccessful,baseline
883,0.5,unsuccessful,partial
883,0.7,successful,Full
884,0.4,unsuccessful,baseline
884,0.3,unsuccessful,partial
884,0.3,unsuccessful,Full
885,0.4,unsuccessful,baseline
885,0.7,successful,partial
885,0.6,successful,Full
886,0.4,unsuccessful,baseline
886,0.2,unsuccessful,partial
886,0.5,unsuccessful,Full
887,0.6,successful,baseline
887,0.6,successful,partial
887,0.5,unsuccessful,Full
888,0.3,unsuccessful,baseline
888,0.3,unsuccessful,partial
888,0.4,unsuccessful,Full
889,0.5,unsuccessful,baseline
889,0.5,unsuccessful,partial
889,0.3,unsuccessful,Full
890,0.7,successful,baseline
890,0.7,successful,partial
890,0.5,unsuccessful,Full
891,0.4,unsuccessful,baseline
891,0.6,successful,partial
891,0.1,unsuccessful,Full
892,0.2,unsuccessful,baseline
892,0.7,successful,partial
892,0.8,successful,Full
893,0.2,unsuccessful,baseline
893,0.4,unsuccessful,partial
893,0.5,unsuccessful,Full
894,0.5,unsuccessful,baseline
894,0.5,unsuccessful,partial
894,0.6,successful,Full
895,0.5,unsuccessful,baseline
895,0.5,unsuccessful,partial
895,0.2,unsuccessful,Full
896,0.6,successful,baseline
896,0.2,unsuccessful,partial
896,0.6,successful,Full
897,0.5,unsuccessful,baseline
897,0.6,successful,partial
897,0.3,unsuccessful,Full
898,0.4,unsuccessful,baseline
898,0.3,unsuccessful,partial
898,0.6,successful,Full
899,0.5,unsuccessful,baseline
899,0.7,successful,partial
899,0.3,unsuccessful,Full
900,0.4,unsuccessful,baseline
900,0.7,successful,partial
900,0.4,unsuccessful,Full
901,0.7,successful,baseline
901,0.1,unsuccessful,partial
901,0.7,successful,Full
902,0.6,successful,baseline
902,0.6,successful,partial
902,0.5,unsuccessful,Full
903,0.1,unsuccessful,baseline
903,0.8,successful,partial
903,0.5,unsuccessful,Full
904,0.7,successful,baseline
904,0.4,unsuccessful,partial
904,0.5,unsuccessful,Full
905,0.4,unsuccessful,baseline
905,0.4,unsuccessful,partial
905,0.7,successful,Full
906,0.4,unsuccessful,baseline
906,0.3,unsuccessful,partial
906,0.7,successful,Full
907,0.3,unsuccessful,baseline
907,0.6,successful,partial
907,0.2,unsuccessful,Full
908,0.4,unsuccessful,baseline
908,0.6,successful,partial
908,0.7,successful,Full
909,0.3,unsuccessful,baseline
909,0.4,unsuccessful,partial
909,0.3,unsuccessful,Full
910,0.7,successful,baseline
910,0.7,successful,partial
910,0.4,unsuccessful,Full
911,0.4,unsuccessful,baseline
911,0.6,successful,partial
911,0.2,unsuccessful,Full
912,0.3,unsuccessful,baseline
912,0.6,successful,partial
912,0.3,unsuccessful,Full
913,0.7,successful,baseline
913,0.5,unsuccessful,partial
913,0.2,unsuccessful,Full
914,0.5,unsuccessful,baseline
914,0.6,successful,partial
914,0.7,successful,Full
915,0.5,unsuccessful,baseline
915,0.7,successful,partial
915,0.7,successful,Full
916,0.7,successful,baseline
916,0.5,unsuccessful,partial
916,0.2,unsuccessful,Full
917,0.5,unsuccessful,baseline
917,0.7,successful,partial
917,0.4,unsuccessful,Full
918,0.3,unsuccessful,baseline
918,0.2,unsuccessful,partial
918,0.5,unsuccessful,Full
919,0.7,successful,baseline
919,0.8,successful,partial
919,0.5,unsuccessful,Full
920,0.2,unsuccessful,baseline
920,0.6,successful,partial
920,0.8,successful,Full
921,0.4,unsuccessful,baseline
921,0.4,unsuccessful,partial
921,0.5,unsuccessful,Full
922,0.7,successful,baseline
922,0.7,successful,partial
922,0.2,unsuccessful,Full
923,0.6,successful,baseline
923,0.8,successful,partial
923,0.4,unsuccessful,Full
924,0.3,unsuccessful,baseline
924,0.2,unsuccessful,partial
924,0.6,successful,Full
925,0.4,unsuccessful,baseline
925,0.7,successful,partial
925,0.4,unsuccessful,Full
926,0.7,successful,baseline
926,0.3,unsuccessful,partial
926,0.2,unsuccessful,Full
927,0.6,successful,baseline
927,0.3,unsuccessful,partial
927,0.6,successful,Full
928,0.4,unsuccessful,baseline
928,0.7,successful,partial
928,0.5,unsuccessful,Full
929,0.6,successful,baseline
929,0.3,unsuccessful,partial
929,0.4,unsuccessful,Full
930,0.4,unsuccessful,baseline
930,0.7,successful,partial
930,0.3,unsuccessful,Full
931,0.4,unsuccessful,baseline
931,0.3,unsuccessful,partial
931,0.5,unsuccessful,Full
932,0.7,successful,baseline
932,0.5,unsuccessful,partial
932,0.4,unsuccessful,Full
933,0.6,successful,baseline
933,0.3,unsuccessful,partial
933,0.1,unsuccessful,Full
934,0.2,unsuccessful,baseline
934,0.4,unsuccessful,partial
934,0.6,successful,Full
935,0.2,unsuccessful,baseline
935,0.8,successful,partial
935,0.5,unsuccessful,Full
936,0.4,unsuccessful,baseline
936,0.3,unsuccessful,partial
936,0.8,successful,Full
937,0.7,successful,baseline
937,0.1,unsuccessful,partial
937,0.4,unsuccessful,Full
938,0.7,successful,baseline
938,0.1,unsuccessful,partial
938,0.2,unsuccessful,Full
939,0.1,unsuccessful,baseline
939,0.3,unsuccessful,partial
939,0.8,successful,Full
940,0.4,unsuccessful,baseline
940,0.6,successful,partial
940,0.5,unsuccessful,Full
941,0.4,unsuccessful,baseline
941,0.1,unsuccessful,partial
941,0.2,unsuccessful,Full
942,0.4,unsuccessful,baseline
942,0.6,successful,partial
942,0.1,unsuccessful,Full
943,0.6,successful,baseline
943,0.1,unsuccessful,partial
943,0.5,unsuccessful,Full
944,0.8,successful,baseline
944,0.5,unsuccessful,partial
944,0.5,unsuccessful,Full
945,0.5,unsuccessful,baseline
945,0.8,successful,partial
945,0.3,unsuccessful,Full
946,0.6,successful,baseline
946,0.6,successful,partial
946,0.6,successful,Full
947,0.7,successful,baseline
947,0.3,unsuccessful,partial
947,0.8,successful,Full
948,0.6,successful,baseline
948,0.7,successful,partial
948,0.3,unsuccessful,Full
949,0.8,successful,baseline
949,0.5,unsuccessful,partial
949,0.5,unsuccessful,Full
950,0.2,unsuccessful,baseline
950,0.3,unsuccessful,partial
950,0.1,unsuccessful,Full
951,0.2,unsuccessful,baseline
951,0.3,unsuccessful,partial
951,0.3,unsuccessful,Full
952,0.5,unsuccessful,baseline
952,0.6,successful,partial
952,0.5,unsuccessful,Full
953,0.2,unsuccessful,baseline
953,0.8,successful,partial
953,0.2,unsuccessful,Full
954,0.8,successful,baseline
954,0.2,unsuccessful,partial
954,0.5,unsuccessful,Full
955,0.5,unsuccessful,baseline
955,0.5,unsuccessful,partial
955,0.3,unsuccessful,Full
956,0.5,unsuccessful,baseline
956,0.5,unsuccessful,partial
956,0.6,successful,Full
957,0.3,unsuccessful,baseline
957,0.8,successful,partial
957,0.4,unsuccessful,Full
958,0.6,successful,baseline
958,0.8,successful,partial
958,0.2,unsuccessful,Full
959,0.7,successful,baseline
959,0.1,unsuccessful,partial
959,0.7,successful,Full
960,0.3,unsuccessful,baseline
960,0.5,unsuccessful,partial
960,0.2,unsuccessful,Full
961,0.7,successful,baseline
961,0.5,unsuccessful,partial
961,0.4,unsuccessful,Full
962,0.4,unsuccessful,baseline
962,0.6,successful,partial
962,0.8,successful,Full
963,0.3,unsuccessful,baseline
963,0.5,unsuccessful,partial
963,0.5,unsuccessful,Full
964,0.4,unsuccessful,baseline
964,0.1,unsuccessful,partial
964,0.2,unsuccessful,Full
965,0.5,unsuccessful,baseline
965,0.7,successful,partial
965,0.2,unsuccessful,Full
966,0.5,unsuccessful,baseline
966,0.3,unsuccessful,partial
966,0.3,unsuccessful,Full
967,0.4,unsuccessful,baseline
967,0.5,unsuccessful,partial
967,0.4,unsuccessful,Full
968,0.6,successful,baseline
968,0.2,unsuccessful,partial
968,0.2,unsuccessful,Full
969,0.4,unsuccessful,baseline
969,0.7,successful,partial
969,0.4,unsuccessful,Full
970,0.3,unsuccessful,baseline
970,0.2,unsuccessful,partial
970,0.2,unsuccessful,Full
971,0.4,unsuccessful,baseline
971,0.4,unsuccessful,partial
971,0.4,unsuccessful,Full
972,0.2,unsuccessful,baseline
972,0.6,successful,partial
972,0.8,successful,Full
973,0.6,successful,baseline
973,0.6,successful,partial
973,0.2,unsuccessful,Full
974,0.7,successful,baseline
974,0.6,successful,partial
974,0.7,successful,Full
975,0.6,successful,baseline
975,0.4,unsuccessful,partial
975,0.3,unsuccessful,Full
976,0.4,unsuccessful,baseline
976,0.7,successful,partial
976,0.3,unsuccessful,Full
977,0.7,successful,baseline
977,0.7,successful,partial
977,0.5,unsuccessful,Full
978,0.4,unsuccessful,baseline
978,0.6,successful,partial
978,0.7,successful,Full
979,0.7,successful,baseline
979,0.5,unsuccessful,partial
979,0.5,unsuccessful,Full
980,0.6,successful,baseline
980,0.4,unsuccessful,partial
980,0.3,unsuccessful,Full
981,0.2,unsuccessful,baseline
981,0.2,unsuccessful,partial
981,0.1,unsuccessful,Full
982,0.5,unsuccessful,baseline
982,0.7,successful,partial
982,0.7,successful,Full
983,0.5,unsuccessful,baseline
983,0.4,unsuccessful,partial
983,0.5,unsuccessful,Full
984,0.3,unsuccessful,baseline
984,0.8,successful,partial
984,0.4,unsuccessful,Full
985,0.5,unsuccessful,baseline
985,0.5,unsuccessful,partial
985,0.5,unsuccessful,Full
986,0.7,successful,baseline
986,0.4,unsuccessful,partial
986,0.5,unsuccessful,Full
987,0.6,successful,baseline
987,0.5,unsuccessful,partial
987,0.5,unsuccessful,Full
988,0.3,unsuccessful,baseline
988,0.6,successful,partial
988,0.3,unsuccessful,Full
989,0.5,unsuccessful,baseline
989,0.4,unsuccessful,partial
989,0.3,unsuccessful,Full
990,0.7,successful,baseline
990,0.5,unsuccessful,partial
990,0.5,unsuccessful,Full
991,0.5,unsuccessful,baseline
991,0.6,successful,partial
991,0.5,unsuccessful,Full
992,0.7,successful,baseline
992,0.7,successful,partial
992,0.5,unsuccessful,Full
993,0.6,successful,baseline
993,0.4,unsuccessful,partial
993,0.5,unsuccessful,Full
994,0.7,successful,baseline
994,0.3,unsuccessful,partial
994,0.7,successful,Full
995,0.5,unsuccessful,baseline
995,0.8,successful,partial
995,0.5,unsuccessful,Full
996,0.5,unsuccessful,baseline
996,0.1,unsuccessful,partial
996,0.4,unsuccessful,Full
997,0.4,unsuccessful,baseline
997,0.4,unsuccessful,partial
997,0.2,unsuccessful,Full
998,0.2,unsuccessful,baseline
998,0.6,successful,partial
998,0.4,unsuccessful,Full
999,0.6,successful,baseline
999,0.3,unsuccessful,partial
999,0.2,unsuccessful,Full
